date,city,total_hospital_visits,respiratory_cases,heat_related_cases
2025-01-17,Delhi,94,63,0
2025-01-17,Bangalore,105,77,2
2025-01-17,Mumbai,173,112,4
2025-01-17,Chennai,224,127,30
2025-01-17,Ahmedabad,84,63,0
2025-01-17,Hyderabad,119,48,8
2025-01-17,Lucknow,152,112,0
2025-01-17,Shimla,99,34,0
2025-01-18,Delhi,123,96,0
2025-01-18,Bangalore,100,55,0
2025-01-18,Mumbai,126,103,0
2025-01-18,Chennai,194,116,17
2025-01-18,Ahmedabad,162,92,0
2025-01-18,Hyderabad,126,55,28
2025-01-18,Lucknow,132,73,19
2025-01-18,Shimla,57,18,0
2025-01-19,Delhi,127,99,0
2025-01-19,Bangalore,71,43,0
2025-01-19,Mumbai,115,81,0
2025-01-19,Chennai,91,54,0
2025-01-19,Ahmedabad,123,88,0
2025-01-19,Hyderabad,148,84,0
2025-01-19,Lucknow,91,64,0
2025-01-19,Shimla,100,31,0
2025-01-20,Delhi,147,98,0
2025-01-20,Bangalore,92,38,0
2025-01-20,Mumbai,156,103,0
2025-01-20,Chennai,135,89,18
2025-01-20,Ahmedabad,126,89,0
2025-01-20,Hyderabad,140,90,0
2025-01-20,Lucknow,107,84,0
2025-01-20,Shimla,106,42,0
2025-01-21,Delhi,127,103,0
2025-01-21,Bangalore,118,79,0
2025-01-21,Mumbai,120,89,2
2025-01-21,Chennai,200,114,38
2025-01-21,Ahmedabad,121,86,0
2025-01-21,Hyderabad,162,65,37
2025-01-21,Lucknow,124,78,11
2025-01-21,Shimla,99,51,0
2025-01-22,Delhi,107,74,0
2025-01-22,Bangalore,117,69,8
2025-01-22,Mumbai,131,76,20
2025-01-22,Chennai,130,104,0
2025-01-22,Ahmedabad,138,92,15
2025-01-22,Hyderabad,123,67,20
2025-01-22,Lucknow,121,63,0
2025-01-22,Shimla,72,26,0
2025-01-23,Delhi,158,79,16
2025-01-23,Bangalore,81,40,0
2025-01-23,Mumbai,120,97,0
2025-01-23,Chennai,164,86,27
2025-01-23,Ahmedabad,150,102,17
2025-01-23,Hyderabad,105,53,0
2025-01-23,Lucknow,141,73,16
2025-01-23,Shimla,89,29,0
2025-01-24,Delhi,134,91,5
2025-01-24,Bangalore,85,55,0
2025-01-24,Mumbai,151,76,10
2025-01-24,Chennai,150,84,0
2025-01-24,Ahmedabad,125,99,0
2025-01-24,Hyderabad,135,80,0
2025-01-24,Lucknow,134,86,0
2025-01-24,Shimla,95,25,0
2025-01-25,Delhi,120,98,0
2025-01-25,Bangalore,132,70,0
2025-01-25,Mumbai,171,102,0
2025-01-25,Chennai,182,117,0
2025-01-25,Ahmedabad,147,54,44
2025-01-25,Hyderabad,108,61,25
2025-01-25,Lucknow,118,90,0
2025-01-25,Shimla,94,39,0
2025-01-26,Delhi,158,110,18
2025-01-26,Bangalore,88,37,0
2025-01-26,Mumbai,170,105,0
2025-01-26,Chennai,115,79,0
2025-01-26,Ahmedabad,178,100,19
2025-01-26,Hyderabad,110,65,0
2025-01-26,Lucknow,128,69,18
2025-01-26,Shimla,50,26,0
2025-01-27,Delhi,137,84,0
2025-01-27,Bangalore,98,66,0
2025-01-27,Mumbai,130,60,3
2025-01-27,Chennai,128,59,0
2025-01-27,Ahmedabad,123,73,25
2025-01-27,Hyderabad,156,99,13
2025-01-27,Lucknow,181,96,29
2025-01-27,Shimla,65,33,0
2025-01-28,Delhi,157,112,16
2025-01-28,Bangalore,93,55,0
2025-01-28,Mumbai,145,78,0
2025-01-28,Chennai,145,64,34
2025-01-28,Ahmedabad,100,74,0
2025-01-28,Hyderabad,132,75,28
2025-01-28,Lucknow,163,97,0
2025-01-28,Shimla,73,28,0
2025-01-29,Delhi,164,79,22
2025-01-29,Bangalore,84,64,0
2025-01-29,Mumbai,159,114,2
2025-01-29,Chennai,110,81,1
2025-01-29,Ahmedabad,116,57,0
2025-01-29,Hyderabad,146,82,14
2025-01-29,Lucknow,99,75,0
2025-01-29,Shimla,47,26,0
2025-01-30,Delhi,207,129,8
2025-01-30,Bangalore,123,71,0
2025-01-30,Mumbai,145,74,15
2025-01-30,Chennai,87,59,8
2025-01-30,Ahmedabad,97,65,8
2025-01-30,Hyderabad,116,51,8
2025-01-30,Lucknow,117,86,0
2025-01-30,Shimla,50,27,0
2025-01-31,Delhi,107,70,0
2025-01-31,Bangalore,108,50,0
2025-01-31,Mumbai,115,81,0
2025-01-31,Chennai,142,88,23
2025-01-31,Ahmedabad,128,85,7
2025-01-31,Hyderabad,160,82,30
2025-01-31,Lucknow,158,91,15
2025-01-31,Shimla,61,23,0
2025-02-01,Delhi,168,89,36
2025-02-01,Bangalore,127,90,0
2025-02-01,Mumbai,152,118,0
2025-02-01,Chennai,117,67,3
2025-02-01,Ahmedabad,130,65,32
2025-02-01,Hyderabad,106,63,9
2025-02-01,Lucknow,180,107,23
2025-02-01,Shimla,99,35,0
2025-02-02,Delhi,132,100,0
2025-02-02,Bangalore,110,62,0
2025-02-02,Mumbai,154,103,7
2025-02-02,Chennai,181,90,30
2025-02-02,Ahmedabad,171,92,25
2025-02-02,Hyderabad,132,64,14
2025-02-02,Lucknow,100,68,0
2025-02-02,Shimla,73,27,0
2025-02-03,Delhi,97,76,0
2025-02-03,Bangalore,90,55,0
2025-02-03,Mumbai,190,127,29
2025-02-03,Chennai,146,88,16
2025-02-03,Ahmedabad,99,61,8
2025-02-03,Hyderabad,92,43,0
2025-02-03,Lucknow,149,71,13
2025-02-03,Shimla,62,37,0
2025-02-04,Delhi,165,107,0
2025-02-04,Bangalore,93,68,0
2025-02-04,Mumbai,117,97,0
2025-02-04,Chennai,126,70,0
2025-02-04,Ahmedabad,84,59,0
2025-02-04,Hyderabad,200,112,35
2025-02-04,Lucknow,125,63,0
2025-02-04,Shimla,55,33,0
2025-02-05,Delhi,150,107,0
2025-02-05,Bangalore,131,77,0
2025-02-05,Mumbai,141,72,0
2025-02-05,Chennai,166,89,22
2025-02-05,Ahmedabad,119,99,0
2025-02-05,Hyderabad,170,100,0
2025-02-05,Lucknow,108,73,11
2025-02-05,Shimla,81,32,0
2025-02-06,Delhi,123,68,0
2025-02-06,Bangalore,80,60,0
2025-02-06,Mumbai,139,82,0
2025-02-06,Chennai,145,80,7
2025-02-06,Ahmedabad,143,85,20
2025-02-06,Hyderabad,72,48,0
2025-02-06,Lucknow,119,58,0
2025-02-06,Shimla,88,51,0
2025-02-07,Delhi,160,118,5
2025-02-07,Bangalore,134,81,0
2025-02-07,Mumbai,123,78,17
2025-02-07,Chennai,141,68,26
2025-02-07,Ahmedabad,160,92,12
2025-02-07,Hyderabad,130,85,0
2025-02-07,Lucknow,92,60,0
2025-02-07,Shimla,84,28,0
2025-02-08,Delhi,121,74,0
2025-02-08,Bangalore,132,84,0
2025-02-08,Mumbai,183,122,18
2025-02-08,Chennai,143,70,37
2025-02-08,Ahmedabad,118,96,0
2025-02-08,Hyderabad,128,58,4
2025-02-08,Lucknow,106,85,0
2025-02-08,Shimla,93,33,0
2025-02-09,Delhi,134,80,27
2025-02-09,Bangalore,114,92,0
2025-02-09,Mumbai,128,93,0
2025-02-09,Chennai,115,75,0
2025-02-09,Ahmedabad,128,67,41
2025-02-09,Hyderabad,66,44,0
2025-02-09,Lucknow,153,123,10
2025-02-09,Shimla,79,23,0
2025-02-10,Delhi,180,102,21
2025-02-10,Bangalore,148,85,0
2025-02-10,Mumbai,185,134,0
2025-02-10,Chennai,112,57,13
2025-02-10,Ahmedabad,106,72,8
2025-02-10,Hyderabad,112,66,0
2025-02-10,Lucknow,93,62,0
2025-02-10,Shimla,112,44,0
2025-02-11,Delhi,152,88,2
2025-02-11,Bangalore,90,43,0
2025-02-11,Mumbai,113,43,6
2025-02-11,Chennai,111,54,16
2025-02-11,Ahmedabad,152,108,23
2025-02-11,Hyderabad,146,50,28
2025-02-11,Lucknow,144,86,0
2025-02-11,Shimla,68,33,0
2025-02-12,Delhi,122,81,0
2025-02-12,Bangalore,126,59,0
2025-02-12,Mumbai,112,82,10
2025-02-12,Chennai,97,54,0
2025-02-12,Ahmedabad,156,113,23
2025-02-12,Hyderabad,94,69,0
2025-02-12,Lucknow,116,51,0
2025-02-12,Shimla,87,37,0
2025-02-13,Delhi,194,128,0
2025-02-13,Bangalore,111,69,0
2025-02-13,Mumbai,142,88,0
2025-02-13,Chennai,126,56,38
2025-02-13,Ahmedabad,153,105,0
2025-02-13,Hyderabad,75,55,0
2025-02-13,Lucknow,126,69,0
2025-02-13,Shimla,55,28,0
2025-02-14,Delhi,163,130,0
2025-02-14,Bangalore,119,68,0
2025-02-14,Mumbai,192,119,7
2025-02-14,Chennai,97,63,0
2025-02-14,Ahmedabad,103,74,0
2025-02-14,Hyderabad,121,80,3
2025-02-14,Lucknow,123,86,0
2025-02-14,Shimla,69,34,0
2025-02-15,Delhi,173,123,0
2025-02-15,Bangalore,98,55,0
2025-02-15,Mumbai,193,127,0
2025-02-15,Chennai,124,91,3
2025-02-15,Ahmedabad,113,68,0
2025-02-15,Hyderabad,120,61,0
2025-02-15,Lucknow,72,51,0
2025-02-15,Shimla,84,38,0
2025-02-16,Delhi,124,89,15
2025-02-16,Bangalore,136,82,0
2025-02-16,Mumbai,105,63,15
2025-02-16,Chennai,117,90,0
2025-02-16,Ahmedabad,137,81,14
2025-02-16,Hyderabad,127,57,10
2025-02-16,Lucknow,146,85,0
2025-02-16,Shimla,75,26,0
2025-02-17,Delhi,170,130,7
2025-02-17,Bangalore,119,77,6
2025-02-17,Mumbai,111,73,10
2025-02-17,Chennai,121,96,0
2025-02-17,Ahmedabad,224,117,40
2025-02-17,Hyderabad,145,62,40
2025-02-17,Lucknow,155,85,10
2025-02-17,Shimla,67,40,0
2025-02-18,Delhi,172,122,0
2025-02-18,Bangalore,96,53,0
2025-02-18,Mumbai,142,67,13
2025-02-18,Chennai,129,66,15
2025-02-18,Ahmedabad,108,54,3
2025-02-18,Hyderabad,111,75,0
2025-02-18,Lucknow,152,88,28
2025-02-18,Shimla,84,26,0
2025-02-19,Delhi,150,90,0
2025-02-19,Bangalore,117,79,0
2025-02-19,Mumbai,132,95,11
2025-02-19,Chennai,97,54,0
2025-02-19,Ahmedabad,105,82,0
2025-02-19,Hyderabad,111,65,0
2025-02-19,Lucknow,125,76,8
2025-02-19,Shimla,77,30,0
2025-02-20,Delhi,135,104,8
2025-02-20,Bangalore,133,73,0
2025-02-20,Mumbai,92,56,0
2025-02-20,Chennai,170,97,15
2025-02-20,Ahmedabad,116,83,0
2025-02-20,Hyderabad,104,48,8
2025-02-20,Lucknow,120,96,0
2025-02-20,Shimla,94,43,0
2025-02-21,Delhi,130,80,0
2025-02-21,Bangalore,134,78,0
2025-02-21,Mumbai,134,108,0
2025-02-21,Chennai,155,106,21
2025-02-21,Ahmedabad,112,62,0
2025-02-21,Hyderabad,133,72,23
2025-02-21,Lucknow,158,115,0
2025-02-21,Shimla,84,27,0
2025-02-22,Delhi,134,73,0
2025-02-22,Bangalore,95,56,0
2025-02-22,Mumbai,143,91,0
2025-02-22,Chennai,108,68,5
2025-02-22,Ahmedabad,157,90,0
2025-02-22,Hyderabad,136,75,0
2025-02-22,Lucknow,172,76,27
2025-02-22,Shimla,64,25,0
2025-02-23,Delhi,124,76,10
2025-02-23,Bangalore,103,60,0
2025-02-23,Mumbai,108,66,0
2025-02-23,Chennai,137,81,27
2025-02-23,Ahmedabad,133,100,11
2025-02-23,Hyderabad,113,70,12
2025-02-23,Lucknow,92,70,0
2025-02-23,Shimla,87,39,0
2025-02-24,Delhi,147,92,33
2025-02-24,Bangalore,105,85,0
2025-02-24,Mumbai,119,76,13
2025-02-24,Chennai,139,74,23
2025-02-24,Ahmedabad,163,112,0
2025-02-24,Hyderabad,158,62,31
2025-02-24,Lucknow,163,98,0
2025-02-24,Shimla,80,25,0
2025-02-25,Delhi,156,87,0
2025-02-25,Bangalore,107,42,0
2025-02-25,Mumbai,128,70,0
2025-02-25,Chennai,126,74,0
2025-02-25,Ahmedabad,126,76,0
2025-02-25,Hyderabad,133,77,17
2025-02-25,Lucknow,156,112,0
2025-02-25,Shimla,74,35,0
2025-02-26,Delhi,194,135,18
2025-02-26,Bangalore,133,84,0
2025-02-26,Mumbai,157,82,12
2025-02-26,Chennai,126,61,20
2025-02-26,Ahmedabad,147,96,1
2025-02-26,Hyderabad,135,66,5
2025-02-26,Lucknow,114,77,0
2025-02-26,Shimla,98,48,0
2025-02-27,Delhi,174,110,37
2025-02-27,Bangalore,84,34,0
2025-02-27,Mumbai,132,106,0
2025-02-27,Chennai,95,60,0
2025-02-27,Ahmedabad,125,63,20
2025-02-27,Hyderabad,141,50,25
2025-02-27,Lucknow,173,104,0
2025-02-27,Shimla,67,24,0
2025-02-28,Delhi,126,95,0
2025-02-28,Bangalore,132,68,0
2025-02-28,Mumbai,135,81,0
2025-02-28,Chennai,174,87,30
2025-02-28,Ahmedabad,174,59,54
2025-02-28,Hyderabad,107,60,20
2025-02-28,Lucknow,136,97,0
2025-02-28,Shimla,82,50,0
2025-03-01,Delhi,94,73,0
2025-03-01,Bangalore,101,55,3
2025-03-01,Mumbai,171,109,26
2025-03-01,Chennai,123,81,0
2025-03-01,Ahmedabad,152,86,0
2025-03-01,Hyderabad,143,45,38
2025-03-01,Lucknow,123,87,0
2025-03-01,Shimla,76,37,0
2025-03-02,Delhi,143,99,4
2025-03-02,Bangalore,98,58,0
2025-03-02,Mumbai,172,126,0
2025-03-02,Chennai,114,90,0
2025-03-02,Ahmedabad,162,78,14
2025-03-02,Hyderabad,149,93,13
2025-03-02,Lucknow,119,91,0
2025-03-02,Shimla,69,32,0
2025-03-03,Delhi,162,95,8
2025-03-03,Bangalore,95,57,0
2025-03-03,Mumbai,94,60,5
2025-03-03,Chennai,128,74,0
2025-03-03,Ahmedabad,74,51,0
2025-03-03,Hyderabad,173,83,27
2025-03-03,Lucknow,155,89,0
2025-03-03,Shimla,104,37,0
2025-03-04,Delhi,168,145,0
2025-03-04,Bangalore,143,80,0
2025-03-04,Mumbai,159,80,17
2025-03-04,Chennai,80,55,2
2025-03-04,Ahmedabad,151,89,0
2025-03-04,Hyderabad,149,77,2
2025-03-04,Lucknow,161,78,25
2025-03-04,Shimla,84,23,0
2025-03-05,Delhi,117,76,11
2025-03-05,Bangalore,96,48,0
2025-03-05,Mumbai,87,64,0
2025-03-05,Chennai,149,79,0
2025-03-05,Ahmedabad,148,88,20
2025-03-05,Hyderabad,147,76,11
2025-03-05,Lucknow,166,96,1
2025-03-05,Shimla,108,42,0
2025-03-06,Delhi,173,105,0
2025-03-06,Bangalore,136,69,0
2025-03-06,Mumbai,171,84,19
2025-03-06,Chennai,142,66,7
2025-03-06,Ahmedabad,124,65,32
2025-03-06,Hyderabad,132,57,13
2025-03-06,Lucknow,147,99,3
2025-03-06,Shimla,93,37,0
2025-03-07,Delhi,152,124,0
2025-03-07,Bangalore,98,67,1
2025-03-07,Mumbai,190,119,25
2025-03-07,Chennai,148,81,3
2025-03-07,Ahmedabad,125,76,3
2025-03-07,Hyderabad,113,79,10
2025-03-07,Lucknow,99,60,0
2025-03-07,Shimla,106,42,0
2025-03-08,Delhi,79,58,0
2025-03-08,Bangalore,139,81,0
2025-03-08,Mumbai,150,95,15
2025-03-08,Chennai,158,105,11
2025-03-08,Ahmedabad,137,74,7
2025-03-08,Hyderabad,109,52,0
2025-03-08,Lucknow,109,81,1
2025-03-08,Shimla,56,17,0
2025-03-09,Delhi,140,71,0
2025-03-09,Bangalore,71,50,0
2025-03-09,Mumbai,129,87,0
2025-03-09,Chennai,180,110,0
2025-03-09,Ahmedabad,128,66,0
2025-03-09,Hyderabad,153,71,22
2025-03-09,Lucknow,126,60,11
2025-03-09,Shimla,56,29,0
2025-03-10,Delhi,135,81,0
2025-03-10,Bangalore,121,73,0
2025-03-10,Mumbai,112,79,4
2025-03-10,Chennai,154,91,11
2025-03-10,Ahmedabad,196,77,56
2025-03-10,Hyderabad,122,62,22
2025-03-10,Lucknow,179,105,5
2025-03-10,Shimla,85,31,0
2025-03-11,Delhi,180,131,0
2025-03-11,Bangalore,110,52,0
2025-03-11,Mumbai,142,77,12
2025-03-11,Chennai,141,66,34
2025-03-11,Ahmedabad,118,51,0
2025-03-11,Hyderabad,100,77,0
2025-03-11,Lucknow,121,70,5
2025-03-11,Shimla,51,22,0
2025-03-12,Delhi,183,117,6
2025-03-12,Bangalore,106,49,0
2025-03-12,Mumbai,130,59,19
2025-03-12,Chennai,182,103,33
2025-03-12,Ahmedabad,140,77,0
2025-03-12,Hyderabad,135,65,0
2025-03-12,Lucknow,148,93,0
2025-03-12,Shimla,66,24,0
2025-03-13,Delhi,90,70,0
2025-03-13,Bangalore,170,100,0
2025-03-13,Mumbai,146,81,2
2025-03-13,Chennai,178,108,18
2025-03-13,Ahmedabad,148,101,0
2025-03-13,Hyderabad,151,83,3
2025-03-13,Lucknow,156,121,0
2025-03-13,Shimla,64,18,0
2025-03-14,Delhi,163,72,30
2025-03-14,Bangalore,94,58,3
2025-03-14,Mumbai,132,100,0
2025-03-14,Chennai,136,83,0
2025-03-14,Ahmedabad,147,122,0
2025-03-14,Hyderabad,143,94,9
2025-03-14,Lucknow,119,60,0
2025-03-14,Shimla,109,48,0
2025-03-15,Delhi,138,104,0
2025-03-15,Bangalore,94,51,0
2025-03-15,Mumbai,137,79,15
2025-03-15,Chennai,175,114,1
2025-03-15,Ahmedabad,141,100,0
2025-03-15,Hyderabad,138,89,0
2025-03-15,Lucknow,147,96,0
2025-03-15,Shimla,86,39,0
2025-03-16,Delhi,156,136,0
2025-03-16,Bangalore,141,72,0
2025-03-16,Mumbai,108,75,0
2025-03-16,Chennai,180,107,11
2025-03-16,Ahmedabad,167,96,3
2025-03-16,Hyderabad,123,68,0
2025-03-16,Lucknow,142,91,0
2025-03-16,Shimla,70,32,0
2025-03-17,Delhi,142,83,0
2025-03-17,Bangalore,87,60,0
2025-03-17,Mumbai,148,95,13
2025-03-17,Chennai,122,81,0
2025-03-17,Ahmedabad,100,59,8
2025-03-17,Hyderabad,137,100,8
2025-03-17,Lucknow,136,102,1
2025-03-17,Shimla,57,25,0
2025-03-18,Delhi,90,67,0
2025-03-18,Bangalore,109,43,9
2025-03-18,Mumbai,149,89,16
2025-03-18,Chennai,159,87,16
2025-03-18,Ahmedabad,119,73,20
2025-03-18,Hyderabad,134,73,10
2025-03-18,Lucknow,146,96,0
2025-03-18,Shimla,82,34,0
2025-03-19,Delhi,170,125,0
2025-03-19,Bangalore,115,87,2
2025-03-19,Mumbai,145,93,0
2025-03-19,Chennai,141,69,22
2025-03-19,Ahmedabad,138,94,0
2025-03-19,Hyderabad,106,60,7
2025-03-19,Lucknow,137,78,0
2025-03-19,Shimla,67,30,0
2025-03-20,Delhi,93,73,0
2025-03-20,Bangalore,124,88,7
2025-03-20,Mumbai,109,82,0
2025-03-20,Chennai,158,75,29
2025-03-20,Ahmedabad,127,67,6
2025-03-20,Hyderabad,126,74,6
2025-03-20,Lucknow,120,57,0
2025-03-20,Shimla,70,34,0
2025-03-21,Delhi,127,100,0
2025-03-21,Bangalore,77,52,0
2025-03-21,Mumbai,152,88,18
2025-03-21,Chennai,132,66,16
2025-03-21,Ahmedabad,131,65,0
2025-03-21,Hyderabad,106,44,10
2025-03-21,Lucknow,105,58,0
2025-03-21,Shimla,87,19,0
2025-03-22,Delhi,130,106,0
2025-03-22,Bangalore,111,44,0
2025-03-22,Mumbai,164,100,0
2025-03-22,Chennai,184,118,0
2025-03-22,Ahmedabad,132,92,15
2025-03-22,Hyderabad,131,61,0
2025-03-22,Lucknow,143,76,0
2025-03-22,Shimla,85,23,0
2025-03-23,Delhi,162,118,10
2025-03-23,Bangalore,118,66,9
2025-03-23,Mumbai,151,122,0
2025-03-23,Chennai,153,83,0
2025-03-23,Ahmedabad,179,65,55
2025-03-23,Hyderabad,144,101,0
2025-03-23,Lucknow,104,66,0
2025-03-23,Shimla,69,35,0
2025-03-24,Delhi,160,77,32
2025-03-24,Bangalore,158,95,0
2025-03-24,Mumbai,153,102,5
2025-03-24,Chennai,173,73,35
2025-03-24,Ahmedabad,108,52,21
2025-03-24,Hyderabad,126,63,0
2025-03-24,Lucknow,124,74,0
2025-03-24,Shimla,82,39,0
2025-03-25,Delhi,145,80,0
2025-03-25,Bangalore,122,71,0
2025-03-25,Mumbai,117,56,11
2025-03-25,Chennai,111,71,0
2025-03-25,Ahmedabad,146,96,6
2025-03-25,Hyderabad,164,90,9
2025-03-25,Lucknow,127,101,0
2025-03-25,Shimla,67,30,0
2025-03-26,Delhi,151,100,21
2025-03-26,Bangalore,91,42,0
2025-03-26,Mumbai,93,49,0
2025-03-26,Chennai,123,92,3
2025-03-26,Ahmedabad,127,107,0
2025-03-26,Hyderabad,107,73,9
2025-03-26,Lucknow,147,77,0
2025-03-26,Shimla,78,28,0
2025-03-27,Delhi,133,81,0
2025-03-27,Bangalore,92,71,1
2025-03-27,Mumbai,164,85,17
2025-03-27,Chennai,115,64,0
2025-03-27,Ahmedabad,146,85,0
2025-03-27,Hyderabad,100,75,0
2025-03-27,Lucknow,90,68,0
2025-03-27,Shimla,51,23,0
2025-03-28,Delhi,185,135,0
2025-03-28,Bangalore,122,58,0
2025-03-28,Mumbai,162,118,0
2025-03-28,Chennai,158,107,0
2025-03-28,Ahmedabad,171,107,0
2025-03-28,Hyderabad,125,76,9
2025-03-28,Lucknow,114,74,18
2025-03-28,Shimla,82,32,0
2025-03-29,Delhi,194,129,0
2025-03-29,Bangalore,93,61,0
2025-03-29,Mumbai,113,61,0
2025-03-29,Chennai,133,66,23
2025-03-29,Ahmedabad,197,102,49
2025-03-29,Hyderabad,175,108,29
2025-03-29,Lucknow,155,95,0
2025-03-29,Shimla,93,24,0
2025-03-30,Delhi,193,114,21
2025-03-30,Bangalore,107,38,0
2025-03-30,Mumbai,176,102,19
2025-03-30,Chennai,121,63,9
2025-03-30,Ahmedabad,94,61,0
2025-03-30,Hyderabad,123,84,11
2025-03-30,Lucknow,178,89,22
2025-03-30,Shimla,118,48,0
2025-03-31,Delhi,136,82,0
2025-03-31,Bangalore,89,57,0
2025-03-31,Mumbai,123,69,0
2025-03-31,Chennai,140,64,8
2025-03-31,Ahmedabad,77,53,0
2025-03-31,Hyderabad,119,89,0
2025-03-31,Lucknow,117,75,0
2025-03-31,Shimla,72,31,0
2025-04-01,Delhi,110,69,12
2025-04-01,Bangalore,122,68,0
2025-04-01,Mumbai,166,86,13
2025-04-01,Chennai,160,94,13
2025-04-01,Ahmedabad,147,76,8
2025-04-01,Hyderabad,106,65,10
2025-04-01,Lucknow,162,116,16
2025-04-01,Shimla,84,28,0
2025-04-02,Delhi,100,71,0
2025-04-02,Bangalore,113,55,0
2025-04-02,Mumbai,123,91,1
2025-04-02,Chennai,143,92,0
2025-04-02,Ahmedabad,147,56,52
2025-04-02,Hyderabad,138,78,0
2025-04-02,Lucknow,93,63,0
2025-04-02,Shimla,69,21,0
2025-04-03,Delhi,159,123,0
2025-04-03,Bangalore,119,65,0
2025-04-03,Mumbai,141,91,0
2025-04-03,Chennai,146,88,0
2025-04-03,Ahmedabad,138,104,0
2025-04-03,Hyderabad,116,53,32
2025-04-03,Lucknow,151,89,0
2025-04-03,Shimla,85,28,0
2025-04-04,Delhi,217,136,38
2025-04-04,Bangalore,101,65,6
2025-04-04,Mumbai,103,67,0
2025-04-04,Chennai,194,104,21
2025-04-04,Ahmedabad,134,94,0
2025-04-04,Hyderabad,133,85,7
2025-04-04,Lucknow,105,77,5
2025-04-04,Shimla,107,43,0
2025-04-05,Delhi,196,124,22
2025-04-05,Bangalore,96,62,0
2025-04-05,Mumbai,161,88,4
2025-04-05,Chennai,134,72,25
2025-04-05,Ahmedabad,89,61,0
2025-04-05,Hyderabad,101,67,8
2025-04-05,Lucknow,115,46,0
2025-04-05,Shimla,80,43,0
2025-04-06,Delhi,157,107,21
2025-04-06,Bangalore,143,87,0
2025-04-06,Mumbai,158,66,25
2025-04-06,Chennai,124,67,25
2025-04-06,Ahmedabad,166,67,39
2025-04-06,Hyderabad,110,61,0
2025-04-06,Lucknow,148,95,0
2025-04-06,Shimla,57,25,0
2025-04-07,Delhi,146,106,0
2025-04-07,Bangalore,130,63,0
2025-04-07,Mumbai,111,63,0
2025-04-07,Chennai,92,63,0
2025-04-07,Ahmedabad,147,49,34
2025-04-07,Hyderabad,99,63,0
2025-04-07,Lucknow,105,67,6
2025-04-07,Shimla,73,30,0
2025-04-08,Delhi,112,65,0
2025-04-08,Bangalore,93,39,0
2025-04-08,Mumbai,113,57,0
2025-04-08,Chennai,146,60,46
2025-04-08,Ahmedabad,146,91,0
2025-04-08,Hyderabad,119,99,0
2025-04-08,Lucknow,107,70,0
2025-04-08,Shimla,81,38,0
2025-04-09,Delhi,150,81,0
2025-04-09,Bangalore,128,81,0
2025-04-09,Mumbai,121,72,19
2025-04-09,Chennai,209,111,38
2025-04-09,Ahmedabad,98,63,0
2025-04-09,Hyderabad,135,67,0
2025-04-09,Lucknow,155,99,0
2025-04-09,Shimla,51,22,0
2025-04-10,Delhi,186,119,10
2025-04-10,Bangalore,83,56,0
2025-04-10,Mumbai,148,118,0
2025-04-10,Chennai,105,54,8
2025-04-10,Ahmedabad,137,105,0
2025-04-10,Hyderabad,143,65,40
2025-04-10,Lucknow,146,87,0
2025-04-10,Shimla,57,27,0
2025-04-11,Delhi,116,76,0
2025-04-11,Bangalore,96,73,0
2025-04-11,Mumbai,99,68,0
2025-04-11,Chennai,134,85,0
2025-04-11,Ahmedabad,145,70,27
2025-04-11,Hyderabad,101,59,0
2025-04-11,Lucknow,185,109,18
2025-04-11,Shimla,76,39,0
2025-04-12,Delhi,140,78,25
2025-04-12,Bangalore,145,80,0
2025-04-12,Mumbai,173,106,0
2025-04-12,Chennai,173,91,20
2025-04-12,Ahmedabad,180,110,32
2025-04-12,Hyderabad,115,66,21
2025-04-12,Lucknow,138,101,0
2025-04-12,Shimla,95,34,0
2025-04-13,Delhi,153,86,0
2025-04-13,Bangalore,82,33,0
2025-04-13,Mumbai,168,116,27
2025-04-13,Chennai,162,99,1
2025-04-13,Ahmedabad,183,100,33
2025-04-13,Hyderabad,119,74,5
2025-04-13,Lucknow,153,100,28
2025-04-13,Shimla,55,29,0
2025-04-14,Delhi,167,141,0
2025-04-14,Bangalore,123,99,3
2025-04-14,Mumbai,114,70,0
2025-04-14,Chennai,104,62,22
2025-04-14,Ahmedabad,98,70,2
2025-04-14,Hyderabad,156,115,0
2025-04-14,Lucknow,114,64,0
2025-04-14,Shimla,64,26,0
2025-04-15,Delhi,134,95,0
2025-04-15,Bangalore,151,90,0
2025-04-15,Mumbai,124,94,0
2025-04-15,Chennai,171,110,1
2025-04-15,Ahmedabad,134,66,30
2025-04-15,Hyderabad,143,77,0
2025-04-15,Lucknow,143,86,13
2025-04-15,Shimla,82,33,0
2025-04-16,Delhi,135,98,0
2025-04-16,Bangalore,105,54,0
2025-04-16,Mumbai,120,79,0
2025-04-16,Chennai,145,105,0
2025-04-16,Ahmedabad,126,75,0
2025-04-16,Hyderabad,150,74,16
2025-04-16,Lucknow,89,64,0
2025-04-16,Shimla,96,30,0
2025-04-17,Delhi,148,104,10
2025-04-17,Bangalore,87,49,1
2025-04-17,Mumbai,176,109,15
2025-04-17,Chennai,144,77,16
2025-04-17,Ahmedabad,152,103,0
2025-04-17,Hyderabad,112,76,0
2025-04-17,Lucknow,124,93,0
2025-04-17,Shimla,57,25,0
2025-04-18,Delhi,107,66,0
2025-04-18,Bangalore,130,71,7
2025-04-18,Mumbai,150,87,23
2025-04-18,Chennai,109,52,22
2025-04-18,Ahmedabad,134,92,0
2025-04-18,Hyderabad,127,105,0
2025-04-18,Lucknow,158,97,29
2025-04-18,Shimla,77,38,0
2025-04-19,Delhi,139,98,0
2025-04-19,Bangalore,122,97,0
2025-04-19,Mumbai,114,65,0
2025-04-19,Chennai,161,128,0
2025-04-19,Ahmedabad,162,93,0
2025-04-19,Hyderabad,105,49,15
2025-04-19,Lucknow,136,75,0
2025-04-19,Shimla,52,27,0
2025-04-20,Delhi,136,109,0
2025-04-20,Bangalore,107,60,0
2025-04-20,Mumbai,124,68,4
2025-04-20,Chennai,121,70,0
2025-04-20,Ahmedabad,111,70,0
2025-04-20,Hyderabad,124,79,7
2025-04-20,Lucknow,152,80,2
2025-04-20,Shimla,80,36,0
2025-04-21,Delhi,123,92,0
2025-04-21,Bangalore,101,42,0
2025-04-21,Mumbai,128,84,6
2025-04-21,Chennai,142,61,19
2025-04-21,Ahmedabad,154,95,0
2025-04-21,Hyderabad,95,45,0
2025-04-21,Lucknow,149,91,0
2025-04-21,Shimla,77,39,0
2025-04-22,Delhi,195,111,27
2025-04-22,Bangalore,107,44,0
2025-04-22,Mumbai,77,54,0
2025-04-22,Chennai,167,99,9
2025-04-22,Ahmedabad,145,92,12
2025-04-22,Hyderabad,150,85,19
2025-04-22,Lucknow,142,89,18
2025-04-22,Shimla,102,40,0
2025-04-23,Delhi,148,85,0
2025-04-23,Bangalore,95,47,0
2025-04-23,Mumbai,146,84,0
2025-04-23,Chennai,158,110,0
2025-04-23,Ahmedabad,158,114,0
2025-04-23,Hyderabad,102,49,0
2025-04-23,Lucknow,167,115,0
2025-04-23,Shimla,66,45,0
2025-04-24,Delhi,190,140,0
2025-04-24,Bangalore,115,34,12
2025-04-24,Mumbai,138,86,0
2025-04-24,Chennai,113,67,18
2025-04-24,Ahmedabad,120,95,0
2025-04-24,Hyderabad,181,94,36
2025-04-24,Lucknow,189,113,25
2025-04-24,Shimla,79,32,0
2025-04-25,Delhi,159,104,0
2025-04-25,Bangalore,161,101,5
2025-04-25,Mumbai,130,75,18
2025-04-25,Chennai,171,92,12
2025-04-25,Ahmedabad,148,89,15
2025-04-25,Hyderabad,151,89,0
2025-04-25,Lucknow,144,84,0
2025-04-25,Shimla,82,21,0
2025-04-26,Delhi,150,128,0
2025-04-26,Bangalore,138,86,0
2025-04-26,Mumbai,132,65,0
2025-04-26,Chennai,186,108,20
2025-04-26,Ahmedabad,129,99,0
2025-04-26,Hyderabad,140,76,0
2025-04-26,Lucknow,153,82,19
2025-04-26,Shimla,73,42,0
2025-04-27,Delhi,91,62,0
2025-04-27,Bangalore,71,49,0
2025-04-27,Mumbai,174,107,10
2025-04-27,Chennai,95,53,0
2025-04-27,Ahmedabad,111,72,0
2025-04-27,Hyderabad,160,86,24
2025-04-27,Lucknow,138,79,0
2025-04-27,Shimla,83,35,0
2025-04-28,Delhi,119,68,0
2025-04-28,Bangalore,107,60,0
2025-04-28,Mumbai,114,61,0
2025-04-28,Chennai,134,114,0
2025-04-28,Ahmedabad,180,82,36
2025-04-28,Hyderabad,166,92,33
2025-04-28,Lucknow,144,69,26
2025-04-28,Shimla,78,51,0
2025-04-29,Delhi,140,86,0
2025-04-29,Bangalore,126,73,0
2025-04-29,Mumbai,152,90,0
2025-04-29,Chennai,171,105,0
2025-04-29,Ahmedabad,161,84,32
2025-04-29,Hyderabad,116,76,8
2025-04-29,Lucknow,146,59,28
2025-04-29,Shimla,82,29,0
2025-04-30,Delhi,147,84,6
2025-04-30,Bangalore,98,62,0
2025-04-30,Mumbai,97,65,0
2025-04-30,Chennai,169,108,28
2025-04-30,Ahmedabad,153,66,17
2025-04-30,Hyderabad,78,52,6
2025-04-30,Lucknow,184,91,34
2025-04-30,Shimla,100,37,0
2025-05-01,Delhi,138,98,0
2025-05-01,Bangalore,92,64,2
2025-05-01,Mumbai,107,42,1
2025-05-01,Chennai,173,109,5
2025-05-01,Ahmedabad,146,68,39
2025-05-01,Hyderabad,125,81,0
2025-05-01,Lucknow,137,68,14
2025-05-01,Shimla,99,38,0
2025-05-02,Delhi,164,111,0
2025-05-02,Bangalore,83,48,0
2025-05-02,Mumbai,176,99,8
2025-05-02,Chennai,99,76,0
2025-05-02,Ahmedabad,144,92,0
2025-05-02,Hyderabad,136,87,13
2025-05-02,Lucknow,101,68,0
2025-05-02,Shimla,72,30,0
2025-05-03,Delhi,144,91,0
2025-05-03,Bangalore,112,49,0
2025-05-03,Mumbai,149,82,0
2025-05-03,Chennai,139,81,7
2025-05-03,Ahmedabad,130,61,0
2025-05-03,Hyderabad,128,80,0
2025-05-03,Lucknow,186,117,6
2025-05-03,Shimla,71,46,0
2025-05-04,Delhi,169,127,0
2025-05-04,Bangalore,109,57,1
2025-05-04,Mumbai,191,107,20
2025-05-04,Chennai,155,87,14
2025-05-04,Ahmedabad,172,130,0
2025-05-04,Hyderabad,103,64,19
2025-05-04,Lucknow,157,95,0
2025-05-04,Shimla,97,32,0
2025-05-05,Delhi,134,71,12
2025-05-05,Bangalore,114,49,8
2025-05-05,Mumbai,157,86,6
2025-05-05,Chennai,122,75,0
2025-05-05,Ahmedabad,148,79,0
2025-05-05,Hyderabad,75,45,0
2025-05-05,Lucknow,133,76,0
2025-05-05,Shimla,57,37,0
2025-05-06,Delhi,179,104,5
2025-05-06,Bangalore,96,68,0
2025-05-06,Mumbai,161,104,9
2025-05-06,Chennai,114,87,2
2025-05-06,Ahmedabad,99,64,0
2025-05-06,Hyderabad,183,107,17
2025-05-06,Lucknow,116,80,15
2025-05-06,Shimla,54,28,0
2025-05-07,Delhi,161,77,18
2025-05-07,Bangalore,65,42,0
2025-05-07,Mumbai,93,64,0
2025-05-07,Chennai,96,59,0
2025-05-07,Ahmedabad,178,114,20
2025-05-07,Hyderabad,99,75,0
2025-05-07,Lucknow,133,78,0
2025-05-07,Shimla,43,23,0
2025-05-08,Delhi,117,78,0
2025-05-08,Bangalore,92,60,5
2025-05-08,Mumbai,171,122,11
2025-05-08,Chennai,75,54,0
2025-05-08,Ahmedabad,170,86,23
2025-05-08,Hyderabad,104,59,19
2025-05-08,Lucknow,125,70,5
2025-05-08,Shimla,116,46,0
2025-05-09,Delhi,154,98,0
2025-05-09,Bangalore,127,82,0
2025-05-09,Mumbai,166,110,20
2025-05-09,Chennai,161,100,5
2025-05-09,Ahmedabad,92,51,0
2025-05-09,Hyderabad,106,64,10
2025-05-09,Lucknow,138,63,12
2025-05-09,Shimla,95,44,0
2025-05-10,Delhi,140,78,27
2025-05-10,Bangalore,64,42,0
2025-05-10,Mumbai,123,59,0
2025-05-10,Chennai,139,86,14
2025-05-10,Ahmedabad,153,65,23
2025-05-10,Hyderabad,150,96,22
2025-05-10,Lucknow,129,87,1
2025-05-10,Shimla,66,31,0
2025-05-11,Delhi,232,136,26
2025-05-11,Bangalore,77,47,0
2025-05-11,Mumbai,139,61,13
2025-05-11,Chennai,152,100,28
2025-05-11,Ahmedabad,94,67,0
2025-05-11,Hyderabad,102,59,0
2025-05-11,Lucknow,177,114,5
2025-05-11,Shimla,111,42,0
2025-05-12,Delhi,217,140,17
2025-05-12,Bangalore,105,60,0
2025-05-12,Mumbai,79,56,0
2025-05-12,Chennai,135,82,0
2025-05-12,Ahmedabad,101,63,0
2025-05-12,Hyderabad,108,67,17
2025-05-12,Lucknow,123,73,0
2025-05-12,Shimla,80,34,0
2025-05-13,Delhi,178,122,20
2025-05-13,Bangalore,82,51,3
2025-05-13,Mumbai,107,63,7
2025-05-13,Chennai,158,93,0
2025-05-13,Ahmedabad,128,67,0
2025-05-13,Hyderabad,128,58,0
2025-05-13,Lucknow,145,111,0
2025-05-13,Shimla,99,40,0
2025-05-14,Delhi,154,85,0
2025-05-14,Bangalore,81,59,0
2025-05-14,Mumbai,132,87,0
2025-05-14,Chennai,94,70,2
2025-05-14,Ahmedabad,124,73,18
2025-05-14,Hyderabad,125,93,0
2025-05-14,Lucknow,132,76,28
2025-05-14,Shimla,113,46,0
2025-05-15,Delhi,149,91,8
2025-05-15,Bangalore,113,77,0
2025-05-15,Mumbai,104,67,0
2025-05-15,Chennai,146,53,33
2025-05-15,Ahmedabad,180,102,11
2025-05-15,Hyderabad,122,66,0
2025-05-15,Lucknow,163,95,0
2025-05-15,Shimla,47,24,0
2025-05-16,Delhi,113,71,0
2025-05-16,Bangalore,111,63,0
2025-05-16,Mumbai,146,76,20
2025-05-16,Chennai,165,105,0
2025-05-16,Ahmedabad,150,103,0
2025-05-16,Hyderabad,131,61,5
2025-05-16,Lucknow,90,58,3
2025-05-16,Shimla,89,31,0
2025-05-17,Delhi,147,96,0
2025-05-17,Bangalore,97,76,0
2025-05-17,Mumbai,114,82,0
2025-05-17,Chennai,177,118,22
2025-05-17,Ahmedabad,159,99,0
2025-05-17,Hyderabad,136,89,0
2025-05-17,Lucknow,103,78,0
2025-05-17,Shimla,73,29,0
2025-05-18,Delhi,141,93,0
2025-05-18,Bangalore,99,46,0
2025-05-18,Mumbai,149,91,12
2025-05-18,Chennai,209,114,25
2025-05-18,Ahmedabad,140,96,0
2025-05-18,Hyderabad,102,57,0
2025-05-18,Lucknow,125,90,0
2025-05-18,Shimla,79,32,0
2025-05-19,Delhi,139,87,0
2025-05-19,Bangalore,106,71,0
2025-05-19,Mumbai,104,67,4
2025-05-19,Chennai,110,58,0
2025-05-19,Ahmedabad,110,65,16
2025-05-19,Hyderabad,101,60,7
2025-05-19,Lucknow,133,80,0
2025-05-19,Shimla,76,19,0
2025-05-20,Delhi,172,109,0
2025-05-20,Bangalore,103,44,0
2025-05-20,Mumbai,146,78,0
2025-05-20,Chennai,170,79,32
2025-05-20,Ahmedabad,132,91,11
2025-05-20,Hyderabad,145,99,0
2025-05-20,Lucknow,145,87,0
2025-05-20,Shimla,86,43,0
2025-05-21,Delhi,111,88,0
2025-05-21,Bangalore,130,69,0
2025-05-21,Mumbai,138,107,0
2025-05-21,Chennai,157,87,0
2025-05-21,Ahmedabad,188,132,19
2025-05-21,Hyderabad,109,80,0
2025-05-21,Lucknow,127,68,0
2025-05-21,Shimla,86,34,0
2025-05-22,Delhi,158,121,0
2025-05-22,Bangalore,98,59,0
2025-05-22,Mumbai,147,82,11
2025-05-22,Chennai,163,104,19
2025-05-22,Ahmedabad,126,60,0
2025-05-22,Hyderabad,99,79,0
2025-05-22,Lucknow,109,55,0
2025-05-22,Shimla,83,26,0
2025-05-23,Delhi,204,141,0
2025-05-23,Bangalore,74,46,0
2025-05-23,Mumbai,155,81,7
2025-05-23,Chennai,117,62,0
2025-05-23,Ahmedabad,128,77,0
2025-05-23,Hyderabad,86,53,10
2025-05-23,Lucknow,147,99,0
2025-05-23,Shimla,95,39,0
2025-05-24,Delhi,179,124,0
2025-05-24,Bangalore,134,74,0
2025-05-24,Mumbai,150,109,0
2025-05-24,Chennai,142,77,3
2025-05-24,Ahmedabad,153,105,25
2025-05-24,Hyderabad,93,49,0
2025-05-24,Lucknow,104,70,4
2025-05-24,Shimla,55,32,0
2025-05-25,Delhi,150,114,0
2025-05-25,Bangalore,124,57,0
2025-05-25,Mumbai,106,79,3
2025-05-25,Chennai,93,65,0
2025-05-25,Ahmedabad,144,67,26
2025-05-25,Hyderabad,79,50,0
2025-05-25,Lucknow,129,61,0
2025-05-25,Shimla,65,33,0
2025-05-26,Delhi,177,93,31
2025-05-26,Bangalore,90,35,0
2025-05-26,Mumbai,175,114,13
2025-05-26,Chennai,174,110,32
2025-05-26,Ahmedabad,110,55,13
2025-05-26,Hyderabad,129,99,0
2025-05-26,Lucknow,112,84,0
2025-05-26,Shimla,67,38,0
2025-05-27,Delhi,189,124,13
2025-05-27,Bangalore,86,54,0
2025-05-27,Mumbai,100,70,0
2025-05-27,Chennai,109,74,9
2025-05-27,Ahmedabad,161,62,35
2025-05-27,Hyderabad,126,50,38
2025-05-27,Lucknow,111,83,7
2025-05-27,Shimla,51,20,0
2025-05-28,Delhi,186,122,31
2025-05-28,Bangalore,79,59,0
2025-05-28,Mumbai,171,108,0
2025-05-28,Chennai,135,75,0
2025-05-28,Ahmedabad,124,65,24
2025-05-28,Hyderabad,112,47,13
2025-05-28,Lucknow,107,62,0
2025-05-28,Shimla,45,24,0
2025-05-29,Delhi,89,63,0
2025-05-29,Bangalore,86,40,0
2025-05-29,Mumbai,102,58,0
2025-05-29,Chennai,181,116,12
2025-05-29,Ahmedabad,180,107,10
2025-05-29,Hyderabad,140,66,14
2025-05-29,Lucknow,118,68,15
2025-05-29,Shimla,81,45,0
2025-05-30,Delhi,121,77,0
2025-05-30,Bangalore,127,72,0
2025-05-30,Mumbai,120,79,9
2025-05-30,Chennai,109,81,0
2025-05-30,Ahmedabad,110,78,0
2025-05-30,Hyderabad,158,60,39
2025-05-30,Lucknow,166,104,0
2025-05-30,Shimla,98,38,0
2025-05-31,Delhi,131,57,9
2025-05-31,Bangalore,97,66,0
2025-05-31,Mumbai,150,82,9
2025-05-31,Chennai,147,124,0
2025-05-31,Ahmedabad,108,71,0
2025-05-31,Hyderabad,156,81,43
2025-05-31,Lucknow,136,115,0
2025-05-31,Shimla,86,55,0
2025-06-01,Delhi,194,114,27
2025-06-01,Bangalore,133,80,0
2025-06-01,Mumbai,105,66,13
2025-06-01,Chennai,154,86,20
2025-06-01,Ahmedabad,160,109,5
2025-06-01,Hyderabad,126,72,10
2025-06-01,Lucknow,120,88,0
2025-06-01,Shimla,71,45,0
2025-06-02,Delhi,153,94,32
2025-06-02,Bangalore,125,79,0
2025-06-02,Mumbai,136,73,2
2025-06-02,Chennai,137,72,0
2025-06-02,Ahmedabad,126,63,0
2025-06-02,Hyderabad,138,73,12
2025-06-02,Lucknow,158,106,0
2025-06-02,Shimla,78,23,0
2025-06-03,Delhi,105,85,0
2025-06-03,Bangalore,134,81,0
2025-06-03,Mumbai,169,99,0
2025-06-03,Chennai,143,56,24
2025-06-03,Ahmedabad,104,63,6
2025-06-03,Hyderabad,134,81,0
2025-06-03,Lucknow,128,60,0
2025-06-03,Shimla,77,32,0
2025-06-04,Delhi,165,121,0
2025-06-04,Bangalore,114,50,0
2025-06-04,Mumbai,133,66,4
2025-06-04,Chennai,123,82,0
2025-06-04,Ahmedabad,183,109,50
2025-06-04,Hyderabad,164,90,13
2025-06-04,Lucknow,110,83,0
2025-06-04,Shimla,64,29,0
2025-06-05,Delhi,117,61,0
2025-06-05,Bangalore,89,66,0
2025-06-05,Mumbai,113,61,5
2025-06-05,Chennai,178,103,36
2025-06-05,Ahmedabad,139,95,22
2025-06-05,Hyderabad,134,89,0
2025-06-05,Lucknow,117,93,0
2025-06-05,Shimla,92,26,0
2025-06-06,Delhi,122,54,0
2025-06-06,Bangalore,107,67,0
2025-06-06,Mumbai,177,110,3
2025-06-06,Chennai,185,103,35
2025-06-06,Ahmedabad,144,70,43
2025-06-06,Hyderabad,136,70,0
2025-06-06,Lucknow,84,56,3
2025-06-06,Shimla,73,37,0
2025-06-07,Delhi,200,149,0
2025-06-07,Bangalore,79,53,0
2025-06-07,Mumbai,158,106,7
2025-06-07,Chennai,161,101,0
2025-06-07,Ahmedabad,146,90,28
2025-06-07,Hyderabad,169,91,10
2025-06-07,Lucknow,112,68,0
2025-06-07,Shimla,80,33,0
2025-06-08,Delhi,100,80,0
2025-06-08,Bangalore,134,65,0
2025-06-08,Mumbai,124,100,0
2025-06-08,Chennai,154,116,0
2025-06-08,Ahmedabad,127,89,0
2025-06-08,Hyderabad,128,58,0
2025-06-08,Lucknow,168,110,15
2025-06-08,Shimla,106,45,0
2025-06-09,Delhi,164,105,0
2025-06-09,Bangalore,78,57,0
2025-06-09,Mumbai,110,66,16
2025-06-09,Chennai,153,111,0
2025-06-09,Ahmedabad,115,55,5
2025-06-09,Hyderabad,111,45,16
2025-06-09,Lucknow,87,55,0
2025-06-09,Shimla,78,22,0
2025-06-10,Delhi,146,94,15
2025-06-10,Bangalore,139,75,0
2025-06-10,Mumbai,146,71,6
2025-06-10,Chennai,129,65,3
2025-06-10,Ahmedabad,105,80,1
2025-06-10,Hyderabad,120,61,32
2025-06-10,Lucknow,115,85,0
2025-06-10,Shimla,96,29,0
2025-06-11,Delhi,170,105,9
2025-06-11,Bangalore,81,58,0
2025-06-11,Mumbai,150,100,0
2025-06-11,Chennai,81,60,0
2025-06-11,Ahmedabad,136,101,0
2025-06-11,Hyderabad,104,54,24
2025-06-11,Lucknow,110,80,3
2025-06-11,Shimla,81,39,0
2025-06-12,Delhi,185,122,0
2025-06-12,Bangalore,109,75,0
2025-06-12,Mumbai,120,73,0
2025-06-12,Chennai,145,84,0
2025-06-12,Ahmedabad,188,118,0
2025-06-12,Hyderabad,136,87,0
2025-06-12,Lucknow,85,49,0
2025-06-12,Shimla,51,30,0
2025-06-13,Delhi,127,104,0
2025-06-13,Bangalore,139,72,2
2025-06-13,Mumbai,109,59,0
2025-06-13,Chennai,141,72,0
2025-06-13,Ahmedabad,114,52,0
2025-06-13,Hyderabad,161,85,14
2025-06-13,Lucknow,108,80,0
2025-06-13,Shimla,112,44,0
2025-06-14,Delhi,105,57,0
2025-06-14,Bangalore,73,46,0
2025-06-14,Mumbai,157,89,1
2025-06-14,Chennai,116,84,12
2025-06-14,Ahmedabad,204,92,45
2025-06-14,Hyderabad,131,78,1
2025-06-14,Lucknow,150,82,0
2025-06-14,Shimla,72,19,0
2025-06-15,Delhi,157,84,3
2025-06-15,Bangalore,133,63,0
2025-06-15,Mumbai,145,82,12
2025-06-15,Chennai,168,105,11
2025-06-15,Ahmedabad,150,107,2
2025-06-15,Hyderabad,123,56,43
2025-06-15,Lucknow,155,64,27
2025-06-15,Shimla,54,31,0
2025-06-16,Delhi,130,98,7
2025-06-16,Bangalore,114,74,0
2025-06-16,Mumbai,134,78,18
2025-06-16,Chennai,164,106,13
2025-06-16,Ahmedabad,112,64,0
2025-06-16,Hyderabad,144,101,0
2025-06-16,Lucknow,137,98,0
2025-06-16,Shimla,40,19,0
2025-06-17,Delhi,190,136,0
2025-06-17,Bangalore,137,88,0
2025-06-17,Mumbai,142,105,0
2025-06-17,Chennai,114,71,0
2025-06-17,Ahmedabad,159,92,13
2025-06-17,Hyderabad,110,61,0
2025-06-17,Lucknow,132,54,18
2025-06-17,Shimla,109,41,0
2025-06-18,Delhi,133,93,17
2025-06-18,Bangalore,85,62,0
2025-06-18,Mumbai,123,66,11
2025-06-18,Chennai,172,86,35
2025-06-18,Ahmedabad,106,68,12
2025-06-18,Hyderabad,120,66,25
2025-06-18,Lucknow,117,75,0
2025-06-18,Shimla,104,47,0
2025-06-19,Delhi,115,72,0
2025-06-19,Bangalore,122,76,0
2025-06-19,Mumbai,179,127,12
2025-06-19,Chennai,109,64,0
2025-06-19,Ahmedabad,87,65,0
2025-06-19,Hyderabad,138,98,11
2025-06-19,Lucknow,159,96,0
2025-06-19,Shimla,93,30,0
2025-06-20,Delhi,112,77,15
2025-06-20,Bangalore,69,33,10
2025-06-20,Mumbai,127,70,0
2025-06-20,Chennai,137,86,6
2025-06-20,Ahmedabad,111,86,0
2025-06-20,Hyderabad,116,76,0
2025-06-20,Lucknow,105,67,0
2025-06-20,Shimla,106,45,0
2025-06-21,Delhi,142,89,0
2025-06-21,Bangalore,84,50,0
2025-06-21,Mumbai,112,74,1
2025-06-21,Chennai,130,84,1
2025-06-21,Ahmedabad,157,117,0
2025-06-21,Hyderabad,96,58,0
2025-06-21,Lucknow,140,82,0
2025-06-21,Shimla,59,30,0
2025-06-22,Delhi,83,57,0
2025-06-22,Bangalore,116,54,0
2025-06-22,Mumbai,79,46,11
2025-06-22,Chennai,121,93,0
2025-06-22,Ahmedabad,97,66,0
2025-06-22,Hyderabad,145,81,0
2025-06-22,Lucknow,176,91,19
2025-06-22,Shimla,100,35,0
2025-06-23,Delhi,140,77,0
2025-06-23,Bangalore,114,46,0
2025-06-23,Mumbai,142,100,20
2025-06-23,Chennai,110,88,0
2025-06-23,Ahmedabad,139,92,0
2025-06-23,Hyderabad,122,61,4
2025-06-23,Lucknow,119,83,5
2025-06-23,Shimla,93,46,0
2025-06-24,Delhi,168,92,33
2025-06-24,Bangalore,114,62,2
2025-06-24,Mumbai,122,71,9
2025-06-24,Chennai,117,81,0
2025-06-24,Ahmedabad,132,62,8
2025-06-24,Hyderabad,132,59,5
2025-06-24,Lucknow,185,97,24
2025-06-24,Shimla,57,19,0
2025-06-25,Delhi,109,76,0
2025-06-25,Bangalore,130,80,0
2025-06-25,Mumbai,155,120,0
2025-06-25,Chennai,131,96,0
2025-06-25,Ahmedabad,126,72,0
2025-06-25,Hyderabad,145,95,13
2025-06-25,Lucknow,122,80,2
2025-06-25,Shimla,90,27,0
2025-06-26,Delhi,139,95,0
2025-06-26,Bangalore,101,77,0
2025-06-26,Mumbai,146,84,0
2025-06-26,Chennai,111,53,0
2025-06-26,Ahmedabad,172,102,20
2025-06-26,Hyderabad,103,75,0
2025-06-26,Lucknow,78,54,0
2025-06-26,Shimla,91,47,0
2025-06-27,Delhi,122,65,0
2025-06-27,Bangalore,114,62,0
2025-06-27,Mumbai,95,61,8
2025-06-27,Chennai,129,86,5
2025-06-27,Ahmedabad,160,109,0
2025-06-27,Hyderabad,98,52,21
2025-06-27,Lucknow,132,87,24
2025-06-27,Shimla,63,39,0
2025-06-28,Delhi,209,150,0
2025-06-28,Bangalore,144,80,0
2025-06-28,Mumbai,141,63,20
2025-06-28,Chennai,123,97,6
2025-06-28,Ahmedabad,131,49,12
2025-06-28,Hyderabad,127,75,0
2025-06-28,Lucknow,154,86,0
2025-06-28,Shimla,68,27,0
2025-06-29,Delhi,160,96,20
2025-06-29,Bangalore,144,88,0
2025-06-29,Mumbai,106,59,16
2025-06-29,Chennai,139,93,6
2025-06-29,Ahmedabad,104,51,0
2025-06-29,Hyderabad,134,85,15
2025-06-29,Lucknow,111,51,16
2025-06-29,Shimla,88,18,0
2025-06-30,Delhi,174,120,0
2025-06-30,Bangalore,119,90,0
2025-06-30,Mumbai,103,66,13
2025-06-30,Chennai,144,98,25
2025-06-30,Ahmedabad,169,91,45
2025-06-30,Hyderabad,151,96,1
2025-06-30,Lucknow,135,97,0
2025-06-30,Shimla,97,42,0
2025-07-01,Delhi,109,74,0
2025-07-01,Bangalore,115,49,0
2025-07-01,Mumbai,200,122,9
2025-07-01,Chennai,100,57,21
2025-07-01,Ahmedabad,109,63,0
2025-07-01,Hyderabad,87,62,0
2025-07-01,Lucknow,121,79,0
2025-07-01,Shimla,57,27,0
2025-07-02,Delhi,165,94,32
2025-07-02,Bangalore,79,50,0
2025-07-02,Mumbai,124,61,0
2025-07-02,Chennai,141,79,14
2025-07-02,Ahmedabad,134,101,0
2025-07-02,Hyderabad,200,110,36
2025-07-02,Lucknow,149,75,9
2025-07-02,Shimla,78,34,0
2025-07-03,Delhi,172,125,13
2025-07-03,Bangalore,93,58,9
2025-07-03,Mumbai,103,75,0
2025-07-03,Chennai,123,51,14
2025-07-03,Ahmedabad,128,69,0
2025-07-03,Hyderabad,167,86,27
2025-07-03,Lucknow,86,57,0
2025-07-03,Shimla,65,44,0
2025-07-04,Delhi,135,77,31
2025-07-04,Bangalore,129,66,0
2025-07-04,Mumbai,164,112,0
2025-07-04,Chennai,176,89,28
2025-07-04,Ahmedabad,216,137,19
2025-07-04,Hyderabad,116,71,9
2025-07-04,Lucknow,126,62,0
2025-07-04,Shimla,77,43,0
2025-07-05,Delhi,118,73,18
2025-07-05,Bangalore,113,73,0
2025-07-05,Mumbai,94,67,0
2025-07-05,Chennai,129,93,15
2025-07-05,Ahmedabad,105,61,0
2025-07-05,Hyderabad,130,88,10
2025-07-05,Lucknow,108,72,0
2025-07-05,Shimla,87,23,0
2025-07-06,Delhi,111,78,4
2025-07-06,Bangalore,97,29,6
2025-07-06,Mumbai,181,100,14
2025-07-06,Chennai,178,105,11
2025-07-06,Ahmedabad,160,95,0
2025-07-06,Hyderabad,120,57,0
2025-07-06,Lucknow,158,92,0
2025-07-06,Shimla,87,17,0
2025-07-07,Delhi,204,129,8
2025-07-07,Bangalore,106,45,0
2025-07-07,Mumbai,164,123,15
2025-07-07,Chennai,134,90,0
2025-07-07,Ahmedabad,206,108,29
2025-07-07,Hyderabad,134,91,0
2025-07-07,Lucknow,94,54,15
2025-07-07,Shimla,80,36,0
2025-07-08,Delhi,160,122,0
2025-07-08,Bangalore,104,60,3
2025-07-08,Mumbai,132,106,0
2025-07-08,Chennai,188,121,30
2025-07-08,Ahmedabad,120,95,0
2025-07-08,Hyderabad,157,59,39
2025-07-08,Lucknow,161,111,17
2025-07-08,Shimla,62,36,0
2025-07-09,Delhi,165,138,0
2025-07-09,Bangalore,115,61,0
2025-07-09,Mumbai,125,71,20
2025-07-09,Chennai,127,66,0
2025-07-09,Ahmedabad,141,96,0
2025-07-09,Hyderabad,159,97,37
2025-07-09,Lucknow,147,87,6
2025-07-09,Shimla,84,35,0
2025-07-10,Delhi,147,98,12
2025-07-10,Bangalore,109,46,5
2025-07-10,Mumbai,126,60,0
2025-07-10,Chennai,122,82,0
2025-07-10,Ahmedabad,112,73,7
2025-07-10,Hyderabad,94,42,26
2025-07-10,Lucknow,151,107,0
2025-07-10,Shimla,65,35,0
2025-07-11,Delhi,136,94,6
2025-07-11,Bangalore,97,61,7
2025-07-11,Mumbai,162,105,0
2025-07-11,Chennai,138,64,10
2025-07-11,Ahmedabad,166,103,10
2025-07-11,Hyderabad,120,65,21
2025-07-11,Lucknow,105,76,0
2025-07-11,Shimla,102,35,0
2025-07-12,Delhi,117,88,0
2025-07-12,Bangalore,131,74,0
2025-07-12,Mumbai,145,107,0
2025-07-12,Chennai,164,85,42
2025-07-12,Ahmedabad,154,103,23
2025-07-12,Hyderabad,124,70,0
2025-07-12,Lucknow,116,50,0
2025-07-12,Shimla,67,19,0
2025-07-13,Delhi,115,88,0
2025-07-13,Bangalore,130,68,0
2025-07-13,Mumbai,84,64,0
2025-07-13,Chennai,140,102,2
2025-07-13,Ahmedabad,195,81,45
2025-07-13,Hyderabad,135,40,29
2025-07-13,Lucknow,169,109,0
2025-07-13,Shimla,98,40,0
2025-07-14,Delhi,126,101,0
2025-07-14,Bangalore,107,79,0
2025-07-14,Mumbai,153,101,0
2025-07-14,Chennai,121,83,12
2025-07-14,Ahmedabad,146,76,0
2025-07-14,Hyderabad,137,68,0
2025-07-14,Lucknow,88,68,0
2025-07-14,Shimla,72,38,0
2025-07-15,Delhi,160,74,21
2025-07-15,Bangalore,146,81,4
2025-07-15,Mumbai,125,74,0
2025-07-15,Chennai,195,104,38
2025-07-15,Ahmedabad,126,87,0
2025-07-15,Hyderabad,158,100,0
2025-07-15,Lucknow,130,99,0
2025-07-15,Shimla,62,29,0
2025-07-16,Delhi,91,67,0
2025-07-16,Bangalore,107,42,0
2025-07-16,Mumbai,127,67,0
2025-07-16,Chennai,221,129,30
2025-07-16,Ahmedabad,175,83,22
2025-07-16,Hyderabad,111,46,0
2025-07-16,Lucknow,99,78,0
2025-07-16,Shimla,88,35,0
2025-07-17,Delhi,171,100,9
2025-07-17,Bangalore,100,50,0
2025-07-17,Mumbai,131,69,0
2025-07-17,Chennai,114,61,26
2025-07-17,Ahmedabad,119,74,0
2025-07-17,Hyderabad,153,89,0
2025-07-17,Lucknow,168,100,0
2025-07-17,Shimla,97,39,0
2025-07-18,Delhi,143,102,0
2025-07-18,Bangalore,124,80,0
2025-07-18,Mumbai,129,106,0
2025-07-18,Chennai,112,62,15
2025-07-18,Ahmedabad,170,82,27
2025-07-18,Hyderabad,96,69,0
2025-07-18,Lucknow,123,59,0
2025-07-18,Shimla,54,26,0
2025-07-19,Delhi,192,124,8
2025-07-19,Bangalore,109,53,14
2025-07-19,Mumbai,136,107,0
2025-07-19,Chennai,113,82,0
2025-07-19,Ahmedabad,107,72,0
2025-07-19,Hyderabad,98,66,0
2025-07-19,Lucknow,100,79,0
2025-07-19,Shimla,77,33,0
2025-07-20,Delhi,133,105,0
2025-07-20,Bangalore,84,45,6
2025-07-20,Mumbai,148,111,3
2025-07-20,Chennai,135,97,0
2025-07-20,Ahmedabad,146,71,16
2025-07-20,Hyderabad,128,45,16
2025-07-20,Lucknow,92,61,0
2025-07-20,Shimla,61,32,0
2025-07-21,Delhi,147,91,0
2025-07-21,Bangalore,98,39,0
2025-07-21,Mumbai,148,109,0
2025-07-21,Chennai,84,57,4
2025-07-21,Ahmedabad,169,106,0
2025-07-21,Hyderabad,123,72,0
2025-07-21,Lucknow,153,108,18
2025-07-21,Shimla,91,32,0
2025-07-22,Delhi,197,137,13
2025-07-22,Bangalore,86,59,0
2025-07-22,Mumbai,180,113,0
2025-07-22,Chennai,107,79,5
2025-07-22,Ahmedabad,142,83,26
2025-07-22,Hyderabad,71,46,0
2025-07-22,Lucknow,133,70,1
2025-07-22,Shimla,80,26,0
2025-07-23,Delhi,93,59,0
2025-07-23,Bangalore,92,57,0
2025-07-23,Mumbai,131,52,17
2025-07-23,Chennai,97,53,7
2025-07-23,Ahmedabad,183,107,22
2025-07-23,Hyderabad,139,76,0
2025-07-23,Lucknow,156,87,6
2025-07-23,Shimla,65,35,0
2025-07-24,Delhi,114,76,0
2025-07-24,Bangalore,116,61,0
2025-07-24,Mumbai,173,115,0
2025-07-24,Chennai,172,83,31
2025-07-24,Ahmedabad,80,48,0
2025-07-24,Hyderabad,162,70,32
2025-07-24,Lucknow,166,101,0
2025-07-24,Shimla,108,46,0
2025-07-25,Delhi,126,85,0
2025-07-25,Bangalore,113,61,0
2025-07-25,Mumbai,138,73,0
2025-07-25,Chennai,134,79,0
2025-07-25,Ahmedabad,180,117,0
2025-07-25,Hyderabad,96,55,21
2025-07-25,Lucknow,138,77,0
2025-07-25,Shimla,100,39,0
2025-07-26,Delhi,162,126,0
2025-07-26,Bangalore,95,47,0
2025-07-26,Mumbai,86,57,0
2025-07-26,Chennai,169,106,5
2025-07-26,Ahmedabad,147,86,29
2025-07-26,Hyderabad,199,105,32
2025-07-26,Lucknow,123,72,0
2025-07-26,Shimla,72,46,0
2025-07-27,Delhi,148,88,0
2025-07-27,Bangalore,115,55,0
2025-07-27,Mumbai,103,57,20
2025-07-27,Chennai,138,94,10
2025-07-27,Ahmedabad,123,89,0
2025-07-27,Hyderabad,157,82,15
2025-07-27,Lucknow,158,82,32
2025-07-27,Shimla,74,30,0
2025-07-28,Delhi,127,84,23
2025-07-28,Bangalore,106,70,2
2025-07-28,Mumbai,165,100,26
2025-07-28,Chennai,201,115,19
2025-07-28,Ahmedabad,169,108,0
2025-07-28,Hyderabad,100,48,0
2025-07-28,Lucknow,118,96,0
2025-07-28,Shimla,91,41,0
2025-07-29,Delhi,164,119,0
2025-07-29,Bangalore,97,46,0
2025-07-29,Mumbai,148,93,13
2025-07-29,Chennai,147,73,17
2025-07-29,Ahmedabad,191,102,19
2025-07-29,Hyderabad,116,90,0
2025-07-29,Lucknow,138,70,0
2025-07-29,Shimla,88,24,0
2025-07-30,Delhi,154,91,0
2025-07-30,Bangalore,91,57,0
2025-07-30,Mumbai,128,107,0
2025-07-30,Chennai,152,56,27
2025-07-30,Ahmedabad,129,66,39
2025-07-30,Hyderabad,133,68,0
2025-07-30,Lucknow,92,51,15
2025-07-30,Shimla,99,40,0
2025-07-31,Delhi,138,85,27
2025-07-31,Bangalore,113,82,0
2025-07-31,Mumbai,141,86,2
2025-07-31,Chennai,169,103,13
2025-07-31,Ahmedabad,155,87,43
2025-07-31,Hyderabad,135,88,0
2025-07-31,Lucknow,113,60,22
2025-07-31,Shimla,120,53,0
2025-08-01,Delhi,139,81,0
2025-08-01,Bangalore,85,61,0
2025-08-01,Mumbai,164,106,0
2025-08-01,Chennai,127,60,1
2025-08-01,Ahmedabad,142,67,15
2025-08-01,Hyderabad,86,57,1
2025-08-01,Lucknow,120,94,0
2025-08-01,Shimla,59,29,0
2025-08-02,Delhi,128,95,0
2025-08-02,Bangalore,81,44,9
2025-08-02,Mumbai,193,144,0
2025-08-02,Chennai,152,61,21
2025-08-02,Ahmedabad,184,112,21
2025-08-02,Hyderabad,108,77,5
2025-08-02,Lucknow,124,86,0
2025-08-02,Shimla,80,23,0
2025-08-03,Delhi,148,69,28
2025-08-03,Bangalore,126,75,0
2025-08-03,Mumbai,141,92,0
2025-08-03,Chennai,113,78,0
2025-08-03,Ahmedabad,126,64,0
2025-08-03,Hyderabad,116,76,5
2025-08-03,Lucknow,152,96,0
2025-08-03,Shimla,62,35,0
2025-08-04,Delhi,148,124,0
2025-08-04,Bangalore,93,66,0
2025-08-04,Mumbai,162,103,22
2025-08-04,Chennai,148,96,0
2025-08-04,Ahmedabad,155,52,50
2025-08-04,Hyderabad,101,62,11
2025-08-04,Lucknow,121,84,0
2025-08-04,Shimla,101,44,0
2025-08-05,Delhi,130,91,0
2025-08-05,Bangalore,115,92,0
2025-08-05,Mumbai,97,57,0
2025-08-05,Chennai,93,71,0
2025-08-05,Ahmedabad,139,67,18
2025-08-05,Hyderabad,142,96,0
2025-08-05,Lucknow,178,110,13
2025-08-05,Shimla,65,24,0
2025-08-06,Delhi,100,66,0
2025-08-06,Bangalore,63,30,0
2025-08-06,Mumbai,179,122,0
2025-08-06,Chennai,163,86,28
2025-08-06,Ahmedabad,133,75,11
2025-08-06,Hyderabad,128,63,0
2025-08-06,Lucknow,113,79,0
2025-08-06,Shimla,64,22,0
2025-08-07,Delhi,162,108,0
2025-08-07,Bangalore,91,50,0
2025-08-07,Mumbai,107,54,0
2025-08-07,Chennai,143,99,24
2025-08-07,Ahmedabad,147,106,0
2025-08-07,Hyderabad,143,61,20
2025-08-07,Lucknow,159,86,24
2025-08-07,Shimla,65,26,0
2025-08-08,Delhi,95,72,0
2025-08-08,Bangalore,59,35,0
2025-08-08,Mumbai,109,46,9
2025-08-08,Chennai,101,57,15
2025-08-08,Ahmedabad,141,81,11
2025-08-08,Hyderabad,106,68,0
2025-08-08,Lucknow,123,95,0
2025-08-08,Shimla,84,41,0
2025-08-09,Delhi,149,115,13
2025-08-09,Bangalore,110,41,0
2025-08-09,Mumbai,115,77,11
2025-08-09,Chennai,120,98,0
2025-08-09,Ahmedabad,138,72,0
2025-08-09,Hyderabad,175,116,0
2025-08-09,Lucknow,158,99,2
2025-08-09,Shimla,85,30,0
2025-08-10,Delhi,144,84,0
2025-08-10,Bangalore,153,96,0
2025-08-10,Mumbai,173,96,12
2025-08-10,Chennai,164,100,6
2025-08-10,Ahmedabad,105,64,19
2025-08-10,Hyderabad,104,81,0
2025-08-10,Lucknow,121,72,0
2025-08-10,Shimla,85,42,0
2025-08-11,Delhi,168,99,10
2025-08-11,Bangalore,103,56,0
2025-08-11,Mumbai,112,78,0
2025-08-11,Chennai,126,53,13
2025-08-11,Ahmedabad,195,125,40
2025-08-11,Hyderabad,137,99,0
2025-08-11,Lucknow,88,56,0
2025-08-11,Shimla,102,35,0
2025-08-12,Delhi,151,98,7
2025-08-12,Bangalore,126,58,0
2025-08-12,Mumbai,154,107,0
2025-08-12,Chennai,156,90,19
2025-08-12,Ahmedabad,124,82,6
2025-08-12,Hyderabad,94,44,0
2025-08-12,Lucknow,117,53,0
2025-08-12,Shimla,69,36,0
2025-08-13,Delhi,158,94,0
2025-08-13,Bangalore,122,57,0
2025-08-13,Mumbai,134,90,8
2025-08-13,Chennai,160,86,26
2025-08-13,Ahmedabad,151,105,9
2025-08-13,Hyderabad,82,53,0
2025-08-13,Lucknow,160,68,27
2025-08-13,Shimla,66,33,0
2025-08-14,Delhi,134,75,11
2025-08-14,Bangalore,86,65,0
2025-08-14,Mumbai,149,86,9
2025-08-14,Chennai,116,73,0
2025-08-14,Ahmedabad,150,81,0
2025-08-14,Hyderabad,107,49,0
2025-08-14,Lucknow,159,111,0
2025-08-14,Shimla,102,40,0
2025-08-15,Delhi,187,130,0
2025-08-15,Bangalore,113,72,0
2025-08-15,Mumbai,153,112,0
2025-08-15,Chennai,145,73,22
2025-08-15,Ahmedabad,162,87,50
2025-08-15,Hyderabad,119,42,13
2025-08-15,Lucknow,144,74,0
2025-08-15,Shimla,62,40,0
2025-08-16,Delhi,182,134,12
2025-08-16,Bangalore,137,92,0
2025-08-16,Mumbai,135,97,0
2025-08-16,Chennai,95,53,6
2025-08-16,Ahmedabad,193,122,34
2025-08-16,Hyderabad,72,39,0
2025-08-16,Lucknow,101,59,0
2025-08-16,Shimla,79,25,0
2025-08-17,Delhi,191,97,30
2025-08-17,Bangalore,88,68,0
2025-08-17,Mumbai,157,103,0
2025-08-17,Chennai,221,128,23
2025-08-17,Ahmedabad,153,101,25
2025-08-17,Hyderabad,100,47,15
2025-08-17,Lucknow,148,98,0
2025-08-17,Shimla,109,41,0
2025-08-18,Delhi,126,101,0
2025-08-18,Bangalore,81,40,0
2025-08-18,Mumbai,99,62,3
2025-08-18,Chennai,163,91,15
2025-08-18,Ahmedabad,137,91,17
2025-08-18,Hyderabad,149,101,16
2025-08-18,Lucknow,96,73,0
2025-08-18,Shimla,77,21,0
2025-08-19,Delhi,154,64,23
2025-08-19,Bangalore,108,67,0
2025-08-19,Mumbai,130,73,0
2025-08-19,Chennai,115,47,28
2025-08-19,Ahmedabad,167,84,43
2025-08-19,Hyderabad,101,52,0
2025-08-19,Lucknow,151,112,0
2025-08-19,Shimla,59,29,0
2025-08-20,Delhi,97,71,1
2025-08-20,Bangalore,142,99,0
2025-08-20,Mumbai,159,123,10
2025-08-20,Chennai,106,70,2
2025-08-20,Ahmedabad,146,105,0
2025-08-20,Hyderabad,97,40,0
2025-08-20,Lucknow,119,83,0
2025-08-20,Shimla,76,33,0
2025-08-21,Delhi,174,124,0
2025-08-21,Bangalore,89,59,7
2025-08-21,Mumbai,160,98,8
2025-08-21,Chennai,139,68,44
2025-08-21,Ahmedabad,134,104,3
2025-08-21,Hyderabad,88,56,0
2025-08-21,Lucknow,139,74,0
2025-08-21,Shimla,90,27,0
2025-08-22,Delhi,168,123,0
2025-08-22,Bangalore,119,73,0
2025-08-22,Mumbai,87,66,0
2025-08-22,Chennai,137,69,21
2025-08-22,Ahmedabad,93,67,0
2025-08-22,Hyderabad,159,97,1
2025-08-22,Lucknow,173,108,0
2025-08-22,Shimla,77,18,0
2025-08-23,Delhi,191,105,27
2025-08-23,Bangalore,102,61,0
2025-08-23,Mumbai,130,68,0
2025-08-23,Chennai,140,77,0
2025-08-23,Ahmedabad,156,85,19
2025-08-23,Hyderabad,95,72,0
2025-08-23,Lucknow,157,115,0
2025-08-23,Shimla,97,46,0
2025-08-24,Delhi,128,77,0
2025-08-24,Bangalore,137,94,0
2025-08-24,Mumbai,142,97,0
2025-08-24,Chennai,133,60,26
2025-08-24,Ahmedabad,123,80,0
2025-08-24,Hyderabad,130,108,1
2025-08-24,Lucknow,99,58,0
2025-08-24,Shimla,100,34,0
2025-08-25,Delhi,184,123,21
2025-08-25,Bangalore,113,50,0
2025-08-25,Mumbai,119,50,5
2025-08-25,Chennai,173,87,20
2025-08-25,Ahmedabad,120,79,6
2025-08-25,Hyderabad,92,53,0
2025-08-25,Lucknow,131,84,0
2025-08-25,Shimla,78,35,0
2025-08-26,Delhi,152,113,0
2025-08-26,Bangalore,157,88,0
2025-08-26,Mumbai,125,90,0
2025-08-26,Chennai,138,88,8
2025-08-26,Ahmedabad,162,96,5
2025-08-26,Hyderabad,113,89,0
2025-08-26,Lucknow,173,105,0
2025-08-26,Shimla,64,33,0
2025-08-27,Delhi,85,62,0
2025-08-27,Bangalore,78,44,0
2025-08-27,Mumbai,112,76,0
2025-08-27,Chennai,135,75,19
2025-08-27,Ahmedabad,156,118,10
2025-08-27,Hyderabad,158,77,16
2025-08-27,Lucknow,110,54,0
2025-08-27,Shimla,76,22,0
2025-08-28,Delhi,116,91,0
2025-08-28,Bangalore,115,60,0
2025-08-28,Mumbai,147,91,3
2025-08-28,Chennai,140,60,21
2025-08-28,Ahmedabad,136,85,0
2025-08-28,Hyderabad,146,94,0
2025-08-28,Lucknow,89,56,0
2025-08-28,Shimla,64,29,0
2025-08-29,Delhi,142,77,4
2025-08-29,Bangalore,95,57,0
2025-08-29,Mumbai,122,69,5
2025-08-29,Chennai,157,90,4
2025-08-29,Ahmedabad,102,64,0
2025-08-29,Hyderabad,100,55,0
2025-08-29,Lucknow,144,80,0
2025-08-29,Shimla,83,33,0
2025-08-30,Delhi,155,70,17
2025-08-30,Bangalore,122,57,0
2025-08-30,Mumbai,114,69,0
2025-08-30,Chennai,153,96,11
2025-08-30,Ahmedabad,167,99,0
2025-08-30,Hyderabad,125,59,11
2025-08-30,Lucknow,137,87,8
2025-08-30,Shimla,68,19,0
2025-08-31,Delhi,98,68,1
2025-08-31,Bangalore,89,63,0
2025-08-31,Mumbai,127,69,0
2025-08-31,Chennai,161,80,21
2025-08-31,Ahmedabad,124,74,17
2025-08-31,Hyderabad,110,67,0
2025-08-31,Lucknow,109,67,0
2025-08-31,Shimla,100,32,0
2025-09-01,Delhi,125,77,0
2025-09-01,Bangalore,92,34,0
2025-09-01,Mumbai,102,70,0
2025-09-01,Chennai,123,68,1
2025-09-01,Ahmedabad,180,122,13
2025-09-01,Hyderabad,117,58,0
2025-09-01,Lucknow,124,82,0
2025-09-01,Shimla,51,15,0
2025-09-02,Delhi,119,71,0
2025-09-02,Bangalore,141,72,0
2025-09-02,Mumbai,88,44,8
2025-09-02,Chennai,147,115,8
2025-09-02,Ahmedabad,214,109,51
2025-09-02,Hyderabad,78,51,0
2025-09-02,Lucknow,105,74,0
2025-09-02,Shimla,52,26,0
2025-09-03,Delhi,116,56,0
2025-09-03,Bangalore,114,44,0
2025-09-03,Mumbai,168,116,28
2025-09-03,Chennai,102,75,0
2025-09-03,Ahmedabad,129,108,0
2025-09-03,Hyderabad,141,82,0
2025-09-03,Lucknow,96,64,0
2025-09-03,Shimla,74,48,0
2025-09-04,Delhi,120,96,0
2025-09-04,Bangalore,64,44,0
2025-09-04,Mumbai,123,85,0
2025-09-04,Chennai,124,72,21
2025-09-04,Ahmedabad,166,96,13
2025-09-04,Hyderabad,111,83,0
2025-09-04,Lucknow,99,74,0
2025-09-04,Shimla,85,33,0
2025-09-05,Delhi,137,92,0
2025-09-05,Bangalore,92,46,0
2025-09-05,Mumbai,135,79,20
2025-09-05,Chennai,124,64,31
2025-09-05,Ahmedabad,107,72,0
2025-09-05,Hyderabad,145,60,15
2025-09-05,Lucknow,118,60,0
2025-09-05,Shimla,91,44,0
2025-09-06,Delhi,103,66,0
2025-09-06,Bangalore,101,56,0
2025-09-06,Mumbai,147,85,12
2025-09-06,Chennai,139,74,0
2025-09-06,Ahmedabad,180,101,11
2025-09-06,Hyderabad,141,83,0
2025-09-06,Lucknow,146,103,23
2025-09-06,Shimla,61,35,0
2025-09-07,Delhi,113,88,0
2025-09-07,Bangalore,110,51,0
2025-09-07,Mumbai,134,76,0
2025-09-07,Chennai,189,90,35
2025-09-07,Ahmedabad,162,98,2
2025-09-07,Hyderabad,159,73,38
2025-09-07,Lucknow,119,94,0
2025-09-07,Shimla,82,33,0
2025-09-08,Delhi,162,94,0
2025-09-08,Bangalore,97,43,0
2025-09-08,Mumbai,142,64,10
2025-09-08,Chennai,144,105,0
2025-09-08,Ahmedabad,135,55,35
2025-09-08,Hyderabad,96,44,0
2025-09-08,Lucknow,136,96,0
2025-09-08,Shimla,53,22,0
2025-09-09,Delhi,135,91,0
2025-09-09,Bangalore,134,71,0
2025-09-09,Mumbai,125,92,0
2025-09-09,Chennai,172,91,41
2025-09-09,Ahmedabad,147,66,34
2025-09-09,Hyderabad,104,77,4
2025-09-09,Lucknow,115,60,0
2025-09-09,Shimla,69,27,0
2025-09-10,Delhi,124,87,11
2025-09-10,Bangalore,130,83,0
2025-09-10,Mumbai,176,120,0
2025-09-10,Chennai,143,66,14
2025-09-10,Ahmedabad,92,69,0
2025-09-10,Hyderabad,129,38,40
2025-09-10,Lucknow,132,85,0
2025-09-10,Shimla,100,46,0
2025-09-11,Delhi,130,109,0
2025-09-11,Bangalore,60,40,0
2025-09-11,Mumbai,105,60,0
2025-09-11,Chennai,132,77,15
2025-09-11,Ahmedabad,160,116,24
2025-09-11,Hyderabad,182,98,18
2025-09-11,Lucknow,128,95,0
2025-09-11,Shimla,98,43,0
2025-09-12,Delhi,135,109,0
2025-09-12,Bangalore,141,77,4
2025-09-12,Mumbai,124,85,8
2025-09-12,Chennai,98,66,4
2025-09-12,Ahmedabad,159,49,42
2025-09-12,Hyderabad,105,72,9
2025-09-12,Lucknow,86,63,0
2025-09-12,Shimla,92,48,0
2025-09-13,Delhi,108,71,0
2025-09-13,Bangalore,92,42,0
2025-09-13,Mumbai,79,47,0
2025-09-13,Chennai,161,84,29
2025-09-13,Ahmedabad,162,94,21
2025-09-13,Hyderabad,119,64,14
2025-09-13,Lucknow,120,74,18
2025-09-13,Shimla,88,31,0
2025-09-14,Delhi,171,143,0
2025-09-14,Bangalore,100,58,0
2025-09-14,Mumbai,121,57,0
2025-09-14,Chennai,161,66,37
2025-09-14,Ahmedabad,135,84,25
2025-09-14,Hyderabad,129,81,0
2025-09-14,Lucknow,125,87,0
2025-09-14,Shimla,52,28,0
2025-09-15,Delhi,149,98,0
2025-09-15,Bangalore,139,74,0
2025-09-15,Mumbai,119,70,10
2025-09-15,Chennai,123,77,18
2025-09-15,Ahmedabad,131,107,0
2025-09-15,Hyderabad,123,100,0
2025-09-15,Lucknow,173,106,0
2025-09-15,Shimla,90,24,0
2025-09-16,Delhi,198,132,0
2025-09-16,Bangalore,150,89,4
2025-09-16,Mumbai,83,58,0
2025-09-16,Chennai,111,56,15
2025-09-16,Ahmedabad,127,89,0
2025-09-16,Hyderabad,126,60,0
2025-09-16,Lucknow,154,87,7
2025-09-16,Shimla,71,36,0
2025-09-17,Delhi,106,59,14
2025-09-17,Bangalore,99,55,0
2025-09-17,Mumbai,105,82,0
2025-09-17,Chennai,139,93,21
2025-09-17,Ahmedabad,172,72,38
2025-09-17,Hyderabad,129,78,0
2025-09-17,Lucknow,167,88,9
2025-09-17,Shimla,58,31,0
2025-09-18,Delhi,178,134,1
2025-09-18,Bangalore,127,86,3
2025-09-18,Mumbai,173,124,15
2025-09-18,Chennai,100,56,7
2025-09-18,Ahmedabad,118,88,0
2025-09-18,Hyderabad,127,85,4
2025-09-18,Lucknow,155,84,5
2025-09-18,Shimla,101,43,0
2025-09-19,Delhi,207,109,30
2025-09-19,Bangalore,126,72,0
2025-09-19,Mumbai,140,59,15
2025-09-19,Chennai,122,68,24
2025-09-19,Ahmedabad,106,78,7
2025-09-19,Hyderabad,104,66,0
2025-09-19,Lucknow,183,96,24
2025-09-19,Shimla,76,18,0
2025-09-20,Delhi,158,131,0
2025-09-20,Bangalore,121,54,0
2025-09-20,Mumbai,155,99,18
2025-09-20,Chennai,151,75,33
2025-09-20,Ahmedabad,144,81,0
2025-09-20,Hyderabad,122,59,4
2025-09-20,Lucknow,90,64,0
2025-09-20,Shimla,103,34,0
2025-09-21,Delhi,192,112,11
2025-09-21,Bangalore,82,53,7
2025-09-21,Mumbai,189,97,23
2025-09-21,Chennai,123,80,0
2025-09-21,Ahmedabad,160,101,28
2025-09-21,Hyderabad,168,91,10
2025-09-21,Lucknow,138,64,28
2025-09-21,Shimla,98,44,0
2025-09-22,Delhi,137,88,29
2025-09-22,Bangalore,111,74,0
2025-09-22,Mumbai,172,104,11
2025-09-22,Chennai,138,107,0
2025-09-22,Ahmedabad,136,92,19
2025-09-22,Hyderabad,119,63,0
2025-09-22,Lucknow,129,90,0
2025-09-22,Shimla,94,30,0
2025-09-23,Delhi,145,79,28
2025-09-23,Bangalore,64,42,0
2025-09-23,Mumbai,174,120,0
2025-09-23,Chennai,104,61,9
2025-09-23,Ahmedabad,152,82,6
2025-09-23,Hyderabad,90,58,6
2025-09-23,Lucknow,159,101,0
2025-09-23,Shimla,105,48,0
2025-09-24,Delhi,145,123,0
2025-09-24,Bangalore,102,57,0
2025-09-24,Mumbai,153,96,0
2025-09-24,Chennai,130,65,34
2025-09-24,Ahmedabad,138,87,18
2025-09-24,Hyderabad,106,85,0
2025-09-24,Lucknow,97,57,0
2025-09-24,Shimla,90,27,0
2025-09-25,Delhi,195,132,0
2025-09-25,Bangalore,83,42,0
2025-09-25,Mumbai,177,138,0
2025-09-25,Chennai,159,80,35
2025-09-25,Ahmedabad,170,103,0
2025-09-25,Hyderabad,112,82,0
2025-09-25,Lucknow,116,73,12
2025-09-25,Shimla,80,42,0
2025-09-26,Delhi,164,119,3
2025-09-26,Bangalore,74,49,0
2025-09-26,Mumbai,135,93,0
2025-09-26,Chennai,180,111,4
2025-09-26,Ahmedabad,210,120,27
2025-09-26,Hyderabad,125,67,0
2025-09-26,Lucknow,76,52,0
2025-09-26,Shimla,72,36,0
2025-09-27,Delhi,175,103,19
2025-09-27,Bangalore,93,51,0
2025-09-27,Mumbai,135,79,0
2025-09-27,Chennai,145,111,0
2025-09-27,Ahmedabad,132,88,15
2025-09-27,Hyderabad,114,62,0
2025-09-27,Lucknow,91,62,0
2025-09-27,Shimla,53,24,0
2025-09-28,Delhi,105,63,9
2025-09-28,Bangalore,121,63,0
2025-09-28,Mumbai,119,78,0
2025-09-28,Chennai,120,58,32
2025-09-28,Ahmedabad,157,93,30
2025-09-28,Hyderabad,94,47,6
2025-09-28,Lucknow,145,107,3
2025-09-28,Shimla,109,40,0
2025-09-29,Delhi,127,72,0
2025-09-29,Bangalore,131,82,0
2025-09-29,Mumbai,150,87,8
2025-09-29,Chennai,156,95,19
2025-09-29,Ahmedabad,148,91,0
2025-09-29,Hyderabad,85,63,0
2025-09-29,Lucknow,96,61,0
2025-09-29,Shimla,95,38,0
2025-09-30,Delhi,200,117,37
2025-09-30,Bangalore,111,58,0
2025-09-30,Mumbai,133,81,4
2025-09-30,Chennai,172,91,17
2025-09-30,Ahmedabad,143,82,39
2025-09-30,Hyderabad,169,116,0
2025-09-30,Lucknow,158,110,0
2025-09-30,Shimla,94,27,0
2025-10-01,Delhi,130,86,0
2025-10-01,Bangalore,85,47,0
2025-10-01,Mumbai,118,75,0
2025-10-01,Chennai,153,102,0
2025-10-01,Ahmedabad,133,64,25
2025-10-01,Hyderabad,126,68,0
2025-10-01,Lucknow,146,68,12
2025-10-01,Shimla,104,34,0
2025-10-02,Delhi,160,116,0
2025-10-02,Bangalore,76,49,0
2025-10-02,Mumbai,130,109,0
2025-10-02,Chennai,85,46,8
2025-10-02,Ahmedabad,94,72,0
2025-10-02,Hyderabad,158,97,0
2025-10-02,Lucknow,89,60,0
2025-10-02,Shimla,94,45,0
2025-10-03,Delhi,134,99,0
2025-10-03,Bangalore,119,53,0
2025-10-03,Mumbai,89,69,0
2025-10-03,Chennai,103,56,22
2025-10-03,Ahmedabad,93,60,0
2025-10-03,Hyderabad,133,62,24
2025-10-03,Lucknow,138,79,0
2025-10-03,Shimla,50,27,0
2025-10-04,Delhi,80,58,0
2025-10-04,Bangalore,81,59,0
2025-10-04,Mumbai,140,86,0
2025-10-04,Chennai,122,96,0
2025-10-04,Ahmedabad,168,107,0
2025-10-04,Hyderabad,102,74,0
2025-10-04,Lucknow,136,75,0
2025-10-04,Shimla,64,25,0
2025-10-05,Delhi,156,86,0
2025-10-05,Bangalore,135,59,6
2025-10-05,Mumbai,136,113,1
2025-10-05,Chennai,105,69,11
2025-10-05,Ahmedabad,166,106,35
2025-10-05,Hyderabad,125,74,27
2025-10-05,Lucknow,147,88,5
2025-10-05,Shimla,98,41,0
2025-10-06,Delhi,127,84,0
2025-10-06,Bangalore,89,45,0
2025-10-06,Mumbai,177,127,0
2025-10-06,Chennai,154,84,2
2025-10-06,Ahmedabad,135,48,33
2025-10-06,Hyderabad,134,68,9
2025-10-06,Lucknow,143,111,3
2025-10-06,Shimla,68,36,0
2025-10-07,Delhi,149,86,0
2025-10-07,Bangalore,91,59,0
2025-10-07,Mumbai,125,66,0
2025-10-07,Chennai,132,66,25
2025-10-07,Ahmedabad,125,64,11
2025-10-07,Hyderabad,118,73,0
2025-10-07,Lucknow,90,57,0
2025-10-07,Shimla,93,41,0
2025-10-08,Delhi,215,121,34
2025-10-08,Bangalore,148,76,5
2025-10-08,Mumbai,162,70,27
2025-10-08,Chennai,109,57,4
2025-10-08,Ahmedabad,140,86,27
2025-10-08,Hyderabad,109,46,0
2025-10-08,Lucknow,89,60,0
2025-10-08,Shimla,93,39,0
2025-10-09,Delhi,125,84,0
2025-10-09,Bangalore,90,57,0
2025-10-09,Mumbai,149,79,14
2025-10-09,Chennai,145,99,12
2025-10-09,Ahmedabad,118,57,0
2025-10-09,Hyderabad,109,72,16
2025-10-09,Lucknow,143,105,0
2025-10-09,Shimla,100,55,0
2025-10-10,Delhi,110,65,0
2025-10-10,Bangalore,98,42,0
2025-10-10,Mumbai,150,80,11
2025-10-10,Chennai,123,84,2
2025-10-10,Ahmedabad,133,69,0
2025-10-10,Hyderabad,165,96,10
2025-10-10,Lucknow,134,81,12
2025-10-10,Shimla,66,41,0
2025-10-11,Delhi,159,101,0
2025-10-11,Bangalore,100,54,0
2025-10-11,Mumbai,95,68,0
2025-10-11,Chennai,144,113,0
2025-10-11,Ahmedabad,111,56,27
2025-10-11,Hyderabad,79,51,8
2025-10-11,Lucknow,123,86,0
2025-10-11,Shimla,85,34,0
2025-10-12,Delhi,131,89,17
2025-10-12,Bangalore,98,56,0
2025-10-12,Mumbai,126,55,3
2025-10-12,Chennai,134,52,12
2025-10-12,Ahmedabad,94,60,13
2025-10-12,Hyderabad,145,83,0
2025-10-12,Lucknow,102,52,0
2025-10-12,Shimla,90,23,0
2025-10-13,Delhi,181,96,34
2025-10-13,Bangalore,87,46,0
2025-10-13,Mumbai,175,106,0
2025-10-13,Chennai,154,113,0
2025-10-13,Ahmedabad,180,88,30
2025-10-13,Hyderabad,149,81,12
2025-10-13,Lucknow,116,74,0
2025-10-13,Shimla,101,37,0
2025-10-14,Delhi,178,144,6
2025-10-14,Bangalore,145,84,0
2025-10-14,Mumbai,133,70,5
2025-10-14,Chennai,134,89,0
2025-10-14,Ahmedabad,155,112,0
2025-10-14,Hyderabad,110,42,0
2025-10-14,Lucknow,148,69,22
2025-10-14,Shimla,58,30,0
2025-10-15,Delhi,175,92,29
2025-10-15,Bangalore,110,63,8
2025-10-15,Mumbai,152,108,9
2025-10-15,Chennai,157,79,10
2025-10-15,Ahmedabad,148,53,57
2025-10-15,Hyderabad,138,70,0
2025-10-15,Lucknow,167,111,35
2025-10-15,Shimla,73,38,0
2025-10-16,Delhi,127,96,0
2025-10-16,Bangalore,141,97,0
2025-10-16,Mumbai,116,94,0
2025-10-16,Chennai,153,66,17
2025-10-16,Ahmedabad,129,73,0
2025-10-16,Hyderabad,144,105,7
2025-10-16,Lucknow,120,84,0
2025-10-16,Shimla,82,38,0
2025-10-17,Delhi,156,105,13
2025-10-17,Bangalore,92,39,6
2025-10-17,Mumbai,134,90,0
2025-10-17,Chennai,147,80,0
2025-10-17,Ahmedabad,120,59,17
2025-10-17,Hyderabad,132,62,24
2025-10-17,Lucknow,116,56,0
2025-10-17,Shimla,98,47,0
2025-10-18,Delhi,168,109,10
2025-10-18,Bangalore,92,48,0
2025-10-18,Mumbai,171,112,0
2025-10-18,Chennai,123,58,18
2025-10-18,Ahmedabad,86,52,8
2025-10-18,Hyderabad,125,63,26
2025-10-18,Lucknow,142,85,9
2025-10-18,Shimla,82,37,0
2025-10-19,Delhi,94,70,0
2025-10-19,Bangalore,60,29,0
2025-10-19,Mumbai,100,72,0
2025-10-19,Chennai,102,82,0
2025-10-19,Ahmedabad,144,121,0
2025-10-19,Hyderabad,143,85,0
2025-10-19,Lucknow,103,69,0
2025-10-19,Shimla,90,29,0
2025-10-20,Delhi,173,89,22
2025-10-20,Bangalore,122,97,0
2025-10-20,Mumbai,118,71,3
2025-10-20,Chennai,109,76,13
2025-10-20,Ahmedabad,159,93,0
2025-10-20,Hyderabad,152,97,16
2025-10-20,Lucknow,82,50,0
2025-10-20,Shimla,95,38,0
2025-10-21,Delhi,135,71,35
2025-10-21,Bangalore,94,52,0
2025-10-21,Mumbai,170,97,18
2025-10-21,Chennai,106,67,0
2025-10-21,Ahmedabad,197,110,23
2025-10-21,Hyderabad,115,54,28
2025-10-21,Lucknow,132,93,0
2025-10-21,Shimla,61,21,0
2025-10-22,Delhi,176,119,3
2025-10-22,Bangalore,117,62,0
2025-10-22,Mumbai,113,92,0
2025-10-22,Chennai,117,76,7
2025-10-22,Ahmedabad,99,76,0
2025-10-22,Hyderabad,142,71,10
2025-10-22,Lucknow,166,101,4
2025-10-22,Shimla,53,29,0
2025-10-23,Delhi,119,75,20
2025-10-23,Bangalore,116,56,0
2025-10-23,Mumbai,187,107,21
2025-10-23,Chennai,185,84,36
2025-10-23,Ahmedabad,110,65,0
2025-10-23,Hyderabad,140,71,0
2025-10-23,Lucknow,174,105,24
2025-10-23,Shimla,91,30,0
2025-10-24,Delhi,161,119,0
2025-10-24,Bangalore,105,58,0
2025-10-24,Mumbai,128,102,6
2025-10-24,Chennai,160,91,0
2025-10-24,Ahmedabad,166,92,39
2025-10-24,Hyderabad,146,49,33
2025-10-24,Lucknow,145,63,18
2025-10-24,Shimla,98,46,0
2025-10-25,Delhi,154,100,0
2025-10-25,Bangalore,103,46,0
2025-10-25,Mumbai,103,78,0
2025-10-25,Chennai,103,77,0
2025-10-25,Ahmedabad,115,60,0
2025-10-25,Hyderabad,146,92,2
2025-10-25,Lucknow,101,66,0
2025-10-25,Shimla,83,24,0
2025-10-26,Delhi,186,118,0
2025-10-26,Bangalore,127,61,10
2025-10-26,Mumbai,142,82,6
2025-10-26,Chennai,147,84,11
2025-10-26,Ahmedabad,182,92,44
2025-10-26,Hyderabad,142,75,0
2025-10-26,Lucknow,117,74,0
2025-10-26,Shimla,74,30,0
2025-10-27,Delhi,167,113,22
2025-10-27,Bangalore,121,58,0
2025-10-27,Mumbai,131,68,26
2025-10-27,Chennai,126,91,0
2025-10-27,Ahmedabad,98,65,0
2025-10-27,Hyderabad,179,96,21
2025-10-27,Lucknow,130,80,0
2025-10-27,Shimla,68,43,0
2025-10-28,Delhi,151,111,0
2025-10-28,Bangalore,127,85,0
2025-10-28,Mumbai,156,89,0
2025-10-28,Chennai,106,83,0
2025-10-28,Ahmedabad,84,55,0
2025-10-28,Hyderabad,164,76,20
2025-10-28,Lucknow,195,126,10
2025-10-28,Shimla,75,37,0
2025-10-29,Delhi,205,156,0
2025-10-29,Bangalore,118,86,7
2025-10-29,Mumbai,153,112,17
2025-10-29,Chennai,146,83,0
2025-10-29,Ahmedabad,226,130,32
2025-10-29,Hyderabad,125,92,3
2025-10-29,Lucknow,90,55,12
2025-10-29,Shimla,61,24,0
2025-10-30,Delhi,151,96,11
2025-10-30,Bangalore,133,67,0
2025-10-30,Mumbai,135,70,0
2025-10-30,Chennai,118,75,12
2025-10-30,Ahmedabad,166,72,34
2025-10-30,Hyderabad,159,93,0
2025-10-30,Lucknow,145,85,11
2025-10-30,Shimla,70,27,0
2025-10-31,Delhi,127,88,14
2025-10-31,Bangalore,84,38,0
2025-10-31,Mumbai,117,81,9
2025-10-31,Chennai,124,65,26
2025-10-31,Ahmedabad,171,118,0
2025-10-31,Hyderabad,121,92,0
2025-10-31,Lucknow,120,76,0
2025-10-31,Shimla,65,31,0
2025-11-01,Delhi,178,110,0
2025-11-01,Bangalore,83,51,0
2025-11-01,Mumbai,147,101,0
2025-11-01,Chennai,153,98,30
2025-11-01,Ahmedabad,150,118,0
2025-11-01,Hyderabad,162,85,22
2025-11-01,Lucknow,110,59,0
2025-11-01,Shimla,68,24,0
2025-11-02,Delhi,153,87,0
2025-11-02,Bangalore,99,64,0
2025-11-02,Mumbai,97,63,0
2025-11-02,Chennai,122,79,0
2025-11-02,Ahmedabad,150,88,31
2025-11-02,Hyderabad,120,64,0
2025-11-02,Lucknow,114,63,20
2025-11-02,Shimla,93,32,0
2025-11-03,Delhi,147,90,0
2025-11-03,Bangalore,120,67,0
2025-11-03,Mumbai,162,99,0
2025-11-03,Chennai,112,54,5
2025-11-03,Ahmedabad,141,78,0
2025-11-03,Hyderabad,111,78,0
2025-11-03,Lucknow,88,60,0
2025-11-03,Shimla,81,40,0
2025-11-04,Delhi,151,117,12
2025-11-04,Bangalore,118,86,0
2025-11-04,Mumbai,162,112,0
2025-11-04,Chennai,138,88,0
2025-11-04,Ahmedabad,162,98,0
2025-11-04,Hyderabad,138,73,16
2025-11-04,Lucknow,102,76,6
2025-11-04,Shimla,50,22,0
2025-11-05,Delhi,129,67,0
2025-11-05,Bangalore,148,70,14
2025-11-05,Mumbai,105,65,2
2025-11-05,Chennai,145,94,0
2025-11-05,Ahmedabad,125,77,0
2025-11-05,Hyderabad,129,75,0
2025-11-05,Lucknow,97,66,0
2025-11-05,Shimla,44,20,0
2025-11-06,Delhi,123,62,0
2025-11-06,Bangalore,153,88,0
2025-11-06,Mumbai,170,94,13
2025-11-06,Chennai,82,46,0
2025-11-06,Ahmedabad,157,108,0
2025-11-06,Hyderabad,87,36,0
2025-11-06,Lucknow,144,109,0
2025-11-06,Shimla,47,27,0
2025-11-07,Delhi,76,53,0
2025-11-07,Bangalore,107,74,4
2025-11-07,Mumbai,142,89,0
2025-11-07,Chennai,104,83,0
2025-11-07,Ahmedabad,152,92,1
2025-11-07,Hyderabad,151,85,13
2025-11-07,Lucknow,134,85,0
2025-11-07,Shimla,74,30,0
2025-11-08,Delhi,195,140,0
2025-11-08,Bangalore,142,78,0
2025-11-08,Mumbai,123,99,0
2025-11-08,Chennai,152,80,12
2025-11-08,Ahmedabad,142,80,0
2025-11-08,Hyderabad,172,88,21
2025-11-08,Lucknow,144,76,0
2025-11-08,Shimla,92,32,0
2025-11-09,Delhi,134,84,0
2025-11-09,Bangalore,109,53,0
2025-11-09,Mumbai,101,67,1
2025-11-09,Chennai,154,86,12
2025-11-09,Ahmedabad,86,58,0
2025-11-09,Hyderabad,104,74,0
2025-11-09,Lucknow,157,106,0
2025-11-09,Shimla,95,40,0
2025-11-10,Delhi,152,101,13
2025-11-10,Bangalore,100,44,0
2025-11-10,Mumbai,143,93,6
2025-11-10,Chennai,140,102,0
2025-11-10,Ahmedabad,169,88,46
2025-11-10,Hyderabad,98,72,0
2025-11-10,Lucknow,132,82,0
2025-11-10,Shimla,76,34,0
2025-11-11,Delhi,131,74,0
2025-11-11,Bangalore,121,60,0
2025-11-11,Mumbai,162,100,21
2025-11-11,Chennai,164,104,0
2025-11-11,Ahmedabad,150,70,15
2025-11-11,Hyderabad,121,71,0
2025-11-11,Lucknow,159,101,0
2025-11-11,Shimla,97,49,0
2025-11-12,Delhi,112,66,5
2025-11-12,Bangalore,132,64,3
2025-11-12,Mumbai,149,94,23
2025-11-12,Chennai,154,96,0
2025-11-12,Ahmedabad,140,99,0
2025-11-12,Hyderabad,81,55,0
2025-11-12,Lucknow,116,87,0
2025-11-12,Shimla,80,38,0
2025-11-13,Delhi,148,92,34
2025-11-13,Bangalore,118,81,0
2025-11-13,Mumbai,158,94,0
2025-11-13,Chennai,137,56,39
2025-11-13,Ahmedabad,141,110,11
2025-11-13,Hyderabad,108,72,0
2025-11-13,Lucknow,104,75,0
2025-11-13,Shimla,90,41,0
2025-11-14,Delhi,179,126,25
2025-11-14,Bangalore,119,71,0
2025-11-14,Mumbai,90,58,11
2025-11-14,Chennai,118,68,3
2025-11-14,Ahmedabad,178,93,20
2025-11-14,Hyderabad,106,75,0
2025-11-14,Lucknow,134,96,0
2025-11-14,Shimla,58,31,0
2025-11-15,Delhi,168,129,4
2025-11-15,Bangalore,107,49,0
2025-11-15,Mumbai,128,73,0
2025-11-15,Chennai,81,55,2
2025-11-15,Ahmedabad,183,95,33
2025-11-15,Hyderabad,119,52,3
2025-11-15,Lucknow,110,66,0
2025-11-15,Shimla,70,44,0
2025-11-16,Delhi,131,75,0
2025-11-16,Bangalore,98,45,0
2025-11-16,Mumbai,103,48,0
2025-11-16,Chennai,182,110,30
2025-11-16,Ahmedabad,101,76,0
2025-11-16,Hyderabad,163,60,36
2025-11-16,Lucknow,92,70,0
2025-11-16,Shimla,108,50,0
2025-11-17,Delhi,172,142,0
2025-11-17,Bangalore,115,77,0
2025-11-17,Mumbai,172,96,11
2025-11-17,Chennai,155,96,20
2025-11-17,Ahmedabad,188,120,18
2025-11-17,Hyderabad,159,96,32
2025-11-17,Lucknow,112,88,0
2025-11-17,Shimla,74,36,0
2025-11-18,Delhi,163,94,0
2025-11-18,Bangalore,121,68,0
2025-11-18,Mumbai,179,109,0
2025-11-18,Chennai,119,75,0
2025-11-18,Ahmedabad,107,79,0
2025-11-18,Hyderabad,182,105,42
2025-11-18,Lucknow,94,53,0
2025-11-18,Shimla,72,50,0
2025-11-19,Delhi,142,105,0
2025-11-19,Bangalore,126,82,0
2025-11-19,Mumbai,113,83,1
2025-11-19,Chennai,120,68,8
2025-11-19,Ahmedabad,119,86,7
2025-11-19,Hyderabad,148,96,0
2025-11-19,Lucknow,155,77,20
2025-11-19,Shimla,85,36,0
2025-11-20,Delhi,207,130,9
2025-11-20,Bangalore,98,55,0
2025-11-20,Mumbai,133,55,10
2025-11-20,Chennai,161,84,22
2025-11-20,Ahmedabad,146,107,1
2025-11-20,Hyderabad,92,62,0
2025-11-20,Lucknow,119,57,0
2025-11-20,Shimla,91,29,0
2025-11-21,Delhi,130,87,0
2025-11-21,Bangalore,130,74,0
2025-11-21,Mumbai,133,55,14
2025-11-21,Chennai,101,64,0
2025-11-21,Ahmedabad,158,110,0
2025-11-21,Hyderabad,164,116,23
2025-11-21,Lucknow,139,76,1
2025-11-21,Shimla,45,25,0
2025-11-22,Delhi,143,73,0
2025-11-22,Bangalore,142,88,5
2025-11-22,Mumbai,155,117,0
2025-11-22,Chennai,170,94,33
2025-11-22,Ahmedabad,163,71,27
2025-11-22,Hyderabad,119,69,19
2025-11-22,Lucknow,151,83,0
2025-11-22,Shimla,65,28,0
2025-11-23,Delhi,195,117,41
2025-11-23,Bangalore,88,57,0
2025-11-23,Mumbai,121,81,12
2025-11-23,Chennai,185,104,22
2025-11-23,Ahmedabad,126,82,0
2025-11-23,Hyderabad,138,73,0
2025-11-23,Lucknow,101,55,0
2025-11-23,Shimla,75,30,0
2025-11-24,Delhi,142,73,0
2025-11-24,Bangalore,77,40,0
2025-11-24,Mumbai,180,123,19
2025-11-24,Chennai,125,74,24
2025-11-24,Ahmedabad,219,137,19
2025-11-24,Hyderabad,117,70,0
2025-11-24,Lucknow,125,56,0
2025-11-24,Shimla,86,38,0
2025-11-25,Delhi,173,116,0
2025-11-25,Bangalore,86,54,0
2025-11-25,Mumbai,164,116,0
2025-11-25,Chennai,176,114,0
2025-11-25,Ahmedabad,164,97,1
2025-11-25,Hyderabad,130,63,0
2025-11-25,Lucknow,115,80,0
2025-11-25,Shimla,79,21,0
2025-11-26,Delhi,163,82,18
2025-11-26,Bangalore,95,58,0
2025-11-26,Mumbai,137,69,0
2025-11-26,Chennai,73,53,0
2025-11-26,Ahmedabad,183,93,30
2025-11-26,Hyderabad,132,60,21
2025-11-26,Lucknow,152,90,0
2025-11-26,Shimla,119,52,0
2025-11-27,Delhi,153,119,8
2025-11-27,Bangalore,81,48,0
2025-11-27,Mumbai,133,63,10
2025-11-27,Chennai,179,109,22
2025-11-27,Ahmedabad,133,76,0
2025-11-27,Hyderabad,123,86,0
2025-11-27,Lucknow,101,79,0
2025-11-27,Shimla,69,37,0
2025-11-28,Delhi,187,141,16
2025-11-28,Bangalore,104,53,0
2025-11-28,Mumbai,137,61,13
2025-11-28,Chennai,151,104,0
2025-11-28,Ahmedabad,137,99,17
2025-11-28,Hyderabad,140,78,0
2025-11-28,Lucknow,122,80,0
2025-11-28,Shimla,60,36,0
2025-11-29,Delhi,171,104,5
2025-11-29,Bangalore,124,48,6
2025-11-29,Mumbai,153,99,0
2025-11-29,Chennai,162,93,0
2025-11-29,Ahmedabad,149,93,25
2025-11-29,Hyderabad,106,53,0
2025-11-29,Lucknow,107,75,3
2025-11-29,Shimla,42,20,0
2025-11-30,Delhi,183,126,19
2025-11-30,Bangalore,145,80,0
2025-11-30,Mumbai,116,71,0
2025-11-30,Chennai,161,90,1
2025-11-30,Ahmedabad,116,69,18
2025-11-30,Hyderabad,150,85,0
2025-11-30,Lucknow,123,63,32
2025-11-30,Shimla,73,34,0
2025-12-01,Delhi,206,127,13
2025-12-01,Bangalore,97,51,0
2025-12-01,Mumbai,92,46,3
2025-12-01,Chennai,102,66,14
2025-12-01,Ahmedabad,116,64,0
2025-12-01,Hyderabad,127,67,0
2025-12-01,Lucknow,152,67,25
2025-12-01,Shimla,62,41,0
2025-12-02,Delhi,112,92,0
2025-12-02,Bangalore,90,61,0
2025-12-02,Mumbai,142,72,10
2025-12-02,Chennai,173,120,27
2025-12-02,Ahmedabad,131,57,13
2025-12-02,Hyderabad,95,58,5
2025-12-02,Lucknow,116,67,0
2025-12-02,Shimla,92,28,0
2025-12-03,Delhi,136,114,0
2025-12-03,Bangalore,73,50,0
2025-12-03,Mumbai,150,65,17
2025-12-03,Chennai,140,75,4
2025-12-03,Ahmedabad,154,105,0
2025-12-03,Hyderabad,87,67,0
2025-12-03,Lucknow,115,53,25
2025-12-03,Shimla,102,32,0
2025-12-04,Delhi,137,79,0
2025-12-04,Bangalore,149,85,0
2025-12-04,Mumbai,176,99,25
2025-12-04,Chennai,147,75,25
2025-12-04,Ahmedabad,137,84,4
2025-12-04,Hyderabad,164,78,22
2025-12-04,Lucknow,144,81,0
2025-12-04,Shimla,85,25,0
2025-12-05,Delhi,140,93,0
2025-12-05,Bangalore,103,51,0
2025-12-05,Mumbai,122,97,0
2025-12-05,Chennai,121,85,0
2025-12-05,Ahmedabad,137,100,14
2025-12-05,Hyderabad,166,102,0
2025-12-05,Lucknow,180,110,0
2025-12-05,Shimla,89,34,0
2025-12-06,Delhi,140,72,24
2025-12-06,Bangalore,83,50,0
2025-12-06,Mumbai,157,105,0
2025-12-06,Chennai,109,87,0
2025-12-06,Ahmedabad,133,110,0
2025-12-06,Hyderabad,161,59,40
2025-12-06,Lucknow,169,106,0
2025-12-06,Shimla,93,32,0
2025-12-07,Delhi,117,94,0
2025-12-07,Bangalore,146,86,0
2025-12-07,Mumbai,140,101,0
2025-12-07,Chennai,119,71,17
2025-12-07,Ahmedabad,172,109,0
2025-12-07,Hyderabad,135,62,3
2025-12-07,Lucknow,168,97,4
2025-12-07,Shimla,104,36,0
2025-12-08,Delhi,239,145,28
2025-12-08,Bangalore,73,36,0
2025-12-08,Mumbai,143,73,0
2025-12-08,Chennai,172,112,0
2025-12-08,Ahmedabad,154,76,22
2025-12-08,Hyderabad,192,97,27
2025-12-08,Lucknow,136,72,0
2025-12-08,Shimla,92,39,0
2025-12-09,Delhi,141,90,0
2025-12-09,Bangalore,86,64,0
2025-12-09,Mumbai,152,111,0
2025-12-09,Chennai,89,62,0
2025-12-09,Ahmedabad,120,77,0
2025-12-09,Hyderabad,155,77,14
2025-12-09,Lucknow,117,59,0
2025-12-09,Shimla,67,25,0
2025-12-10,Delhi,123,92,0
2025-12-10,Bangalore,109,53,0
2025-12-10,Mumbai,113,85,3
2025-12-10,Chennai,115,49,3
2025-12-10,Ahmedabad,113,68,0
2025-12-10,Hyderabad,138,90,4
2025-12-10,Lucknow,140,89,0
2025-12-10,Shimla,86,31,0
2025-12-11,Delhi,155,109,0
2025-12-11,Bangalore,126,62,0
2025-12-11,Mumbai,181,126,24
2025-12-11,Chennai,160,94,8
2025-12-11,Ahmedabad,162,101,0
2025-12-11,Hyderabad,141,74,0
2025-12-11,Lucknow,118,74,4
2025-12-11,Shimla,84,26,0
2025-12-12,Delhi,153,111,0
2025-12-12,Bangalore,101,59,4
2025-12-12,Mumbai,141,100,0
2025-12-12,Chennai,138,49,41
2025-12-12,Ahmedabad,98,71,0
2025-12-12,Hyderabad,116,66,12
2025-12-12,Lucknow,102,60,17
2025-12-12,Shimla,91,42,0
2025-12-13,Delhi,143,122,0
2025-12-13,Bangalore,114,82,0
2025-12-13,Mumbai,104,79,5
2025-12-13,Chennai,140,66,4
2025-12-13,Ahmedabad,126,65,0
2025-12-13,Hyderabad,167,116,16
2025-12-13,Lucknow,117,82,9
2025-12-13,Shimla,84,28,0
2025-12-14,Delhi,156,114,0
2025-12-14,Bangalore,94,39,0
2025-12-14,Mumbai,110,78,7
2025-12-14,Chennai,77,46,8
2025-12-14,Ahmedabad,147,87,30
2025-12-14,Hyderabad,177,93,18
2025-12-14,Lucknow,125,96,0
2025-12-14,Shimla,88,31,0
2025-12-15,Delhi,193,121,19
2025-12-15,Bangalore,120,61,0
2025-12-15,Mumbai,179,117,0
2025-12-15,Chennai,142,85,0
2025-12-15,Ahmedabad,99,50,1
2025-12-15,Hyderabad,79,52,0
2025-12-15,Lucknow,145,63,29
2025-12-15,Shimla,100,37,0
2025-12-16,Delhi,151,86,0
2025-12-16,Bangalore,97,44,4
2025-12-16,Mumbai,124,89,0
2025-12-16,Chennai,105,77,0
2025-12-16,Ahmedabad,142,75,10
2025-12-16,Hyderabad,135,59,28
2025-12-16,Lucknow,112,79,0
2025-12-16,Shimla,96,53,0
2025-12-17,Delhi,143,85,0
2025-12-17,Bangalore,96,69,0
2025-12-17,Mumbai,135,96,0
2025-12-17,Chennai,168,112,0
2025-12-17,Ahmedabad,114,88,0
2025-12-17,Hyderabad,138,79,0
2025-12-17,Lucknow,102,55,7
2025-12-17,Shimla,70,32,0
2025-12-18,Delhi,165,106,0
2025-12-18,Bangalore,95,51,0
2025-12-18,Mumbai,117,56,0
2025-12-18,Chennai,146,97,19
2025-12-18,Ahmedabad,147,89,24
2025-12-18,Hyderabad,102,56,2
2025-12-18,Lucknow,156,107,0
2025-12-18,Shimla,108,56,0
2025-12-19,Delhi,106,74,0
2025-12-19,Bangalore,89,68,0
2025-12-19,Mumbai,162,93,0
2025-12-19,Chennai,103,64,0
2025-12-19,Ahmedabad,117,65,27
2025-12-19,Hyderabad,132,68,0
2025-12-19,Lucknow,212,125,22
2025-12-19,Shimla,71,32,0
2025-12-20,Delhi,199,131,14
2025-12-20,Bangalore,125,59,0
2025-12-20,Mumbai,139,67,15
2025-12-20,Chennai,182,79,37
2025-12-20,Ahmedabad,146,100,0
2025-12-20,Hyderabad,119,50,12
2025-12-20,Lucknow,145,98,4
2025-12-20,Shimla,96,41,0
2025-12-21,Delhi,158,97,0
2025-12-21,Bangalore,113,78,6
2025-12-21,Mumbai,95,51,0
2025-12-21,Chennai,158,102,0
2025-12-21,Ahmedabad,118,86,0
2025-12-21,Hyderabad,138,66,13
2025-12-21,Lucknow,106,76,0
2025-12-21,Shimla,68,46,0
2025-12-22,Delhi,133,104,0
2025-12-22,Bangalore,129,72,0
2025-12-22,Mumbai,93,47,11
2025-12-22,Chennai,115,58,0
2025-12-22,Ahmedabad,142,91,2
2025-12-22,Hyderabad,111,76,0
2025-12-22,Lucknow,138,62,26
2025-12-22,Shimla,67,42,0
2025-12-23,Delhi,147,93,19
2025-12-23,Bangalore,157,90,11
2025-12-23,Mumbai,151,122,9
2025-12-23,Chennai,157,87,11
2025-12-23,Ahmedabad,148,94,2
2025-12-23,Hyderabad,183,85,33
2025-12-23,Lucknow,84,57,0
2025-12-23,Shimla,83,43,0
2025-12-24,Delhi,138,95,0
2025-12-24,Bangalore,80,47,0
2025-12-24,Mumbai,131,83,7
2025-12-24,Chennai,112,63,0
2025-12-24,Ahmedabad,126,75,29
2025-12-24,Hyderabad,117,86,0
2025-12-24,Lucknow,119,53,0
2025-12-24,Shimla,108,39,0
2025-12-25,Delhi,136,70,0
2025-12-25,Bangalore,103,52,0
2025-12-25,Mumbai,117,60,1
2025-12-25,Chennai,96,66,3
2025-12-25,Ahmedabad,153,65,30
2025-12-25,Hyderabad,181,96,15
2025-12-25,Lucknow,182,114,0
2025-12-25,Shimla,108,39,0
2025-12-26,Delhi,169,104,0
2025-12-26,Bangalore,121,58,0
2025-12-26,Mumbai,129,70,0
2025-12-26,Chennai,107,67,7
2025-12-26,Ahmedabad,116,67,0
2025-12-26,Hyderabad,130,75,7
2025-12-26,Lucknow,111,55,8
2025-12-26,Shimla,55,21,0
2025-12-27,Delhi,175,118,0
2025-12-27,Bangalore,105,51,13
2025-12-27,Mumbai,148,113,0
2025-12-27,Chennai,86,46,0
2025-12-27,Ahmedabad,111,64,16
2025-12-27,Hyderabad,132,89,8
2025-12-27,Lucknow,142,113,0
2025-12-27,Shimla,62,33,0
2025-12-28,Delhi,156,110,10
2025-12-28,Bangalore,129,65,0
2025-12-28,Mumbai,106,84,0
2025-12-28,Chennai,125,61,13
2025-12-28,Ahmedabad,175,102,27
2025-12-28,Hyderabad,110,71,0
2025-12-28,Lucknow,97,71,4
2025-12-28,Shimla,88,43,0
2025-12-29,Delhi,119,61,0
2025-12-29,Bangalore,118,60,0
2025-12-29,Mumbai,93,70,1
2025-12-29,Chennai,148,115,0
2025-12-29,Ahmedabad,123,87,15
2025-12-29,Hyderabad,82,58,0
2025-12-29,Lucknow,132,63,6
2025-12-29,Shimla,60,33,0
2025-12-30,Delhi,122,101,0
2025-12-30,Bangalore,83,48,5
2025-12-30,Mumbai,116,63,0
2025-12-30,Chennai,180,88,34
2025-12-30,Ahmedabad,144,99,0
2025-12-30,Hyderabad,153,87,0
2025-12-30,Lucknow,144,94,0
2025-12-30,Shimla,94,30,0
2025-12-31,Delhi,120,82,0
2025-12-31,Bangalore,125,77,0
2025-12-31,Mumbai,142,68,18
2025-12-31,Chennai,138,71,33
2025-12-31,Ahmedabad,165,107,22
2025-12-31,Hyderabad,72,48,0
2025-12-31,Lucknow,176,112,0
2025-12-31,Shimla,85,35,0
2026-01-01,Delhi,127,71,0
2026-01-01,Bangalore,119,84,0
2026-01-01,Mumbai,132,108,0
2026-01-01,Chennai,124,79,0
2026-01-01,Ahmedabad,132,104,4
2026-01-01,Hyderabad,106,86,0
2026-01-01,Lucknow,126,100,0
2026-01-01,Shimla,65,35,0
2026-01-02,Delhi,133,92,9
2026-01-02,Bangalore,98,65,0
2026-01-02,Mumbai,132,53,25
2026-01-02,Chennai,145,92,9
2026-01-02,Ahmedabad,88,58,0
2026-01-02,Hyderabad,121,89,4
2026-01-02,Lucknow,160,94,0
2026-01-02,Shimla,102,38,0
2026-01-03,Delhi,160,101,28
2026-01-03,Bangalore,117,41,9
2026-01-03,Mumbai,162,87,6
2026-01-03,Chennai,134,112,0
2026-01-03,Ahmedabad,147,82,14
2026-01-03,Hyderabad,154,90,0
2026-01-03,Lucknow,122,98,0
2026-01-03,Shimla,61,33,0
2026-01-04,Delhi,177,131,2
2026-01-04,Bangalore,130,87,0
2026-01-04,Mumbai,144,91,9
2026-01-04,Chennai,131,87,0
2026-01-04,Ahmedabad,134,80,0
2026-01-04,Hyderabad,130,66,0
2026-01-04,Lucknow,101,72,0
2026-01-04,Shimla,68,30,0
2026-01-05,Delhi,132,90,0
2026-01-05,Bangalore,94,57,1
2026-01-05,Mumbai,107,47,0
2026-01-05,Chennai,137,72,8
2026-01-05,Ahmedabad,125,91,0
2026-01-05,Hyderabad,127,65,10
2026-01-05,Lucknow,132,75,0
2026-01-05,Shimla,96,33,0
2026-01-06,Delhi,169,126,9
2026-01-06,Bangalore,102,45,0
2026-01-06,Mumbai,159,122,2
2026-01-06,Chennai,115,79,0
2026-01-06,Ahmedabad,139,80,29
2026-01-06,Hyderabad,167,78,33
2026-01-06,Lucknow,142,86,0
2026-01-06,Shimla,81,39,0
2026-01-07,Delhi,156,119,0
2026-01-07,Bangalore,92,52,0
2026-01-07,Mumbai,134,97,5
2026-01-07,Chennai,186,119,2
2026-01-07,Ahmedabad,147,114,0
2026-01-07,Hyderabad,145,77,0
2026-01-07,Lucknow,178,117,0
2026-01-07,Shimla,79,21,0
2026-01-08,Delhi,143,116,2
2026-01-08,Bangalore,100,32,0
2026-01-08,Mumbai,174,104,0
2026-01-08,Chennai,137,82,0
2026-01-08,Ahmedabad,117,53,0
2026-01-08,Hyderabad,164,98,4
2026-01-08,Lucknow,160,90,0
2026-01-08,Shimla,68,39,0
2026-01-09,Delhi,133,105,7
2026-01-09,Bangalore,121,84,0
2026-01-09,Mumbai,139,64,26
2026-01-09,Chennai,125,87,4
2026-01-09,Ahmedabad,133,75,5
2026-01-09,Hyderabad,147,70,14
2026-01-09,Lucknow,116,57,0
2026-01-09,Shimla,59,23,0
2026-01-10,Delhi,179,121,0
2026-01-10,Bangalore,124,89,7
2026-01-10,Mumbai,147,109,6
2026-01-10,Chennai,81,58,0
2026-01-10,Ahmedabad,183,103,26
2026-01-10,Hyderabad,123,86,11
2026-01-10,Lucknow,182,110,9
2026-01-10,Shimla,104,36,0
2026-01-11,Delhi,110,73,0
2026-01-11,Bangalore,122,59,6
2026-01-11,Mumbai,128,66,3
2026-01-11,Chennai,132,91,0
2026-01-11,Ahmedabad,140,85,0
2026-01-11,Hyderabad,134,102,0
2026-01-11,Lucknow,144,85,0
2026-01-11,Shimla,76,43,0
2026-01-12,Delhi,170,103,0
2026-01-12,Bangalore,103,56,0
2026-01-12,Mumbai,159,108,8
2026-01-12,Chennai,103,51,32
2026-01-12,Ahmedabad,125,76,0
2026-01-12,Hyderabad,131,73,0
2026-01-12,Lucknow,77,56,0
2026-01-12,Shimla,94,38,0
2026-01-13,Delhi,159,97,0
2026-01-13,Bangalore,105,62,0
2026-01-13,Mumbai,177,115,0
2026-01-13,Chennai,108,65,16
2026-01-13,Ahmedabad,123,62,0
2026-01-13,Hyderabad,143,45,40
2026-01-13,Lucknow,120,78,7
2026-01-13,Shimla,56,26,0
2026-01-14,Delhi,96,56,0
2026-01-14,Bangalore,95,52,0
2026-01-14,Mumbai,97,55,0
2026-01-14,Chennai,84,58,0
2026-01-14,Ahmedabad,135,53,39
2026-01-14,Hyderabad,173,103,17
2026-01-14,Lucknow,88,63,0
2026-01-14,Shimla,74,35,0
2026-01-15,Delhi,126,81,0
2026-01-15,Bangalore,122,87,0
2026-01-15,Mumbai,114,70,2
2026-01-15,Chennai,125,79,2
2026-01-15,Ahmedabad,171,107,0
2026-01-15,Hyderabad,98,76,0
2026-01-15,Lucknow,177,111,0
2026-01-15,Shimla,69,33,0
2026-01-16,Delhi,125,67,14
2026-01-16,Bangalore,93,70,0
2026-01-16,Mumbai,148,85,10
2026-01-16,Chennai,198,112,20
2026-01-16,Ahmedabad,162,118,0
2026-01-16,Hyderabad,162,89,23
2026-01-16,Lucknow,153,86,0
2026-01-16,Shimla,89,37,0
